order_id,user_id,order_date,total_price,discount,payment_method,order_status,province,city,district,street,customer_name,phone_number,email,product_count,shipping_fee,tax,delivery_time,log_info
bcfad7fd-8ce7-4279-8b68-3e015b061957,364018ee-c9b2-4a54-a6b2-8106fc233e3e,2025-02-21 10:27:33,4001.66,253.1,Credit Card,refunded,海南省,明县,高港,合山路i座,黄超,15633530672,ggong@example.com,6,48.86,9.8,2025-03-09 12:16:24,"{'timestamp': '2025-03-05T06:54:47.632898', 'device_model': 'Samsung S23 Ultra', 'os_version': 'Android 14', 'browser': 'Safari', 'browser_version': '109.0.4320.87', 'ip_address': '5.122.23.218', 'user_agent': 'Safari/109.0.4320.87'}"
0c0663aa-bae8-490f-bfae-ad0ff02aed08,27cc6125-7eb5-4f35-9701-42ab649255de,2025-02-21 10:38:53,4045.46,113.32,Credit Card,refunded,山东省,香港市,清浦,宁德路N座,周丽丽,13604675530,chengjing@example.com,1,26.29,66.5,2025-03-05 22:15:41,"{'timestamp': '2025-03-05T06:54:47.633103', 'device_model': 'Huawei P60', 'os_version': 'Android 13', 'browser': 'Safari', 'browser_version': '113.0.7427.73', 'ip_address': '53.167.232.229', 'user_agent': 'Safari/113.0.7427.73'}"
bfe57156-d688-421b-abeb-9f9d5bdc8900,8a716ab3-a996-4ff2-8d1d-00a3e3302ff8,2025-02-26 20:53:13,5580.44,321.22,Alipay,completed,广西壮族自治区,艳县,江北,合肥路K座,王英,18032385473,jye@example.org,8,47.2,49.08,2025-03-11 23:33:08,"{'timestamp': '2025-03-05T06:54:47.633197', 'device_model': 'vivo X100', 'os_version': 'Android 11', 'browser': 'Firefox', 'browser_version': '115.0.6840.65', 'ip_address': '65.59.128.152', 'user_agent': 'Firefox/115.0.6840.65'}"
68495c62-db46-4515-af17-7e9b0f97af56,dffc1aff-61f6-42ed-baa6-9cc00e6ce37b,2025-02-19 23:13:53,8692.25,27.96,Credit Card,cancelled,辽宁省,鑫市,黄浦,西安街M座,杨红,14766707651,na16@example.org,10,44.26,92.07,2025-03-05 19:17:45,"{'timestamp': '2025-03-05T06:54:47.633266', 'device_model': 'Samsung S23 Ultra', 'os_version': 'Android 11', 'browser': 'Firefox', 'browser_version': '119.0.3923.95', 'ip_address': '46.205.58.51', 'user_agent': 'Firefox/119.0.3923.95'}"
2f802a6e-93aa-46de-9bfc-337ad1f3ddb9,882e0fd2-c062-4a17-8caa-be6dca3a67f3,2025-03-02 09:15:34,1541.55,324.88,Alipay,completed,山东省,佛山县,翔安,黄路L座,刘丹丹,14536847602,juanhan@example.org,10,46.9,11.34,2025-03-11 03:41:44,"{'timestamp': '2025-03-05T06:54:47.633346', 'device_model': 'Xiaomi 14', 'os_version': 'Android 11', 'browser': 'Safari', 'browser_version': '118.0.5556.66', 'ip_address': '109.48.178.236', 'user_agent': 'Safari/118.0.5556.66'}"
89abecd1-7db9-412d-ba3d-1ae1d092fe08,abbdd917-2235-4dcd-9b9f-7857723e2537,2025-02-16 17:25:12,1696.0,410.44,Credit Card,paid,北京市,丽华市,朝阳,兰州路a座,何明,13234704446,duyang@example.org,1,9.87,75.63,2025-03-05 17:50:39,"{'timestamp': '2025-03-05T06:54:47.633431', 'device_model': 'vivo X100', 'os_version': 'Android 12', 'browser': 'Firefox', 'browser_version': '104.0.8607.13', 'ip_address': '110.14.18.214', 'user_agent': 'Firefox/104.0.8607.13'}"
1e17dd4d-da7c-4672-bb5d-a7c7ed1db614,78cd85df-e147-4aa0-ae1d-1983139a7750,2025-02-27 12:02:46,1268.12,109.46,Debit Card,pending,宁夏回族自治区,云县,静安,李路h座,田娟,15633768960,nayan@example.org,7,23.05,15.04,2025-03-11 18:50:41,"{'timestamp': '2025-03-05T06:54:47.633515', 'device_model': 'iPhone 14', 'os_version': 'iOS 15', 'browser': 'Safari', 'browser_version': '100.0.3128.11', 'ip_address': '204.152.141.149', 'user_agent': 'Safari/100.0.3128.11'}"
f359fd8a-aa36-4016-be68-c3e4ba3edceb,eda7b5ba-17af-4b31-a052-6128bc6e5e03,2025-02-23 04:13:26,9141.43,200.45,Debit Card,paid,湖南省,巢湖市,闵行,沈阳街s座,李丹,13526911909,minchang@example.com,4,10.22,28.22,2025-03-07 23:04:19,"{'timestamp': '2025-03-05T06:54:47.633605', 'device_model': 'iPhone 14 Pro', 'os_version': 'iOS 14', 'browser': 'Chrome', 'browser_version': '109.0.8547.97', 'ip_address': '107.109.136.66', 'user_agent': 'Chrome/109.0.8547.97'}"
55b54811-4019-436b-938c-40246c673f09,9138cd3d-bd10-4546-99cd-8fadeca3336f,2025-02-23 17:40:33,3463.83,364.93,Alipay,pending,台湾省,北镇市,城北,南昌街M座,王丹丹,13472250470,chaoxue@example.com,6,11.48,79.1,2025-03-11 12:06:17,"{'timestamp': '2025-03-05T06:54:47.633694', 'device_model': 'Samsung S23', 'os_version': 'Android 11', 'browser': 'Chrome', 'browser_version': '119.0.7363.14', 'ip_address': '31.166.7.218', 'user_agent': 'Chrome/119.0.7363.14'}"
8f562714-062a-40ba-aa5f-9d1d49dd6b42,47ce1f87-f6c7-4375-81ce-e9e7135bc0c8,2025-02-05 23:26:40,5683.88,303.34,WeChat Pay,pending,吉林省,东莞县,长寿,昆明路t座,李成,18041182923,minjin@example.com,2,46.73,98.26,2025-03-06 19:43:41,"{'timestamp': '2025-03-05T06:54:47.633780', 'device_model': 'Huawei P60', 'os_version': 'Android 10', 'browser': 'Chrome', 'browser_version': '80.0.2623.98', 'ip_address': '31.184.171.193', 'user_agent': 'Chrome/80.0.2623.98'}"
ab142cf6-12e2-49d1-803a-84ae50829261,36bf1053-d53c-45f6-aec5-22aaaa8811c2,2025-03-05 02:34:34,5576.24,400.64,Debit Card,paid,山西省,成市,南湖,宜都路n座,王瑞,14587504358,mcao@example.org,9,39.96,10.46,2025-03-07 00:27:19,"{'timestamp': '2025-03-05T06:54:47.633873', 'device_model': 'Samsung S23', 'os_version': 'Android 13', 'browser': 'Safari', 'browser_version': '88.0.2938.74', 'ip_address': '7.211.165.17', 'user_agent': 'Safari/88.0.2938.74'}"
80f24087-dc92-4ed0-a809-f61588ad0be6,f57c5bf9-4bfe-42ae-b1f8-79f3439538ff,2025-02-12 16:19:25,785.05,47.43,Alipay,completed,宁夏回族自治区,丽市,房山,武汉路Z座,龙雷,13091611268,zhongguiying@example.org,9,44.54,0.3,2025-03-06 02:36:49,"{'timestamp': '2025-03-05T06:54:47.633961', 'device_model': 'Samsung S23', 'os_version': 'Android 13', 'browser': 'Firefox', 'browser_version': '115.0.1009.84', 'ip_address': '14.135.147.152', 'user_agent': 'Firefox/115.0.1009.84'}"
b434df53-ec07-4736-aefa-4f4fcd539ebc,a29987a5-c3af-45fd-98ee-f7814bde8e9f,2025-02-08 16:25:47,5584.71,324.7,Debit Card,pending,贵州省,沈阳县,翔安,李路u座,毛燕,18863052940,na34@example.org,5,48.24,22.53,2025-03-10 15:50:11,"{'timestamp': '2025-03-05T06:54:47.634048', 'device_model': 'Huawei P60', 'os_version': 'Android 13', 'browser': 'Safari', 'browser_version': '87.0.1222.34', 'ip_address': '96.150.73.194', 'user_agent': 'Safari/87.0.1222.34'}"
a6e2bc63-b07e-4b06-9bf0-0012d8d94066,dc0e01b7-2b1f-4ee2-aef5-03dd0dae46f6,2025-02-21 11:15:20,9042.01,93.13,WeChat Pay,refunded,辽宁省,东莞市,高明,哈尔滨街b座,邹浩,13813223914,zliang@example.com,6,34.62,32.84,2025-03-11 07:54:50,"{'timestamp': '2025-03-05T06:54:47.634135', 'device_model': 'iPhone 14', 'os_version': 'iOS 14', 'browser': 'Firefox', 'browser_version': '93.0.7073.75', 'ip_address': '209.222.169.83', 'user_agent': 'Firefox/93.0.7073.75'}"
584b0288-c44b-4421-b55e-b1463025a4f0,c749a8b0-d568-49f4-b5fe-016a948a68e9,2025-02-16 21:09:12,446.59,217.84,Debit Card,completed,台湾省,明市,白云,李街H座,李涛,13266728397,xiuyingxiong@example.net,2,44.7,48.21,2025-03-05 16:49:39,"{'timestamp': '2025-03-05T06:54:47.634237', 'device_model': 'Samsung S23 Ultra', 'os_version': 'Android 10', 'browser': 'Safari', 'browser_version': '108.0.2705.37', 'ip_address': '152.160.250.177', 'user_agent': 'Safari/108.0.2705.37'}"
9b623e72-c03f-43a3-aac1-881dc00770d0,a92e66a8-cc34-4b14-a9d6-cc3ac18d7334,2025-02-12 13:44:43,7385.21,396.27,WeChat Pay,refunded,湖南省,梧州市,南湖,北京路N座,陈洋,15154654148,gcui@example.org,2,9.91,4.6,2025-03-09 12:47:24,"{'timestamp': '2025-03-05T06:54:47.634335', 'device_model': 'iPhone 15', 'os_version': 'iOS 17', 'browser': 'Safari', 'browser_version': '100.0.2521.30', 'ip_address': '70.72.12.102', 'user_agent': 'Safari/100.0.2521.30'}"
17b477c6-bbff-4f2e-a053-b91e5b3b5948,6668bdca-2af8-4d08-a919-3f7a7d56f172,2025-03-03 11:04:29,7414.41,466.04,WeChat Pay,pending,宁夏回族自治区,红霞县,萧山,张路k座,张桂芳,13931908469,guiyingren@example.com,10,33.26,22.29,2025-03-08 20:08:25,"{'timestamp': '2025-03-05T06:54:47.634430', 'device_model': 'iPhone 15', 'os_version': 'iOS 14', 'browser': 'Safari', 'browser_version': '98.0.7319.91', 'ip_address': '159.103.86.235', 'user_agent': 'Safari/98.0.7319.91'}"
3f247966-3bb5-494e-b053-3318c0d1a284,796053c6-ae11-4c02-b7e5-367b5e201b0f,2025-02-23 21:48:24,6089.56,98.78,Alipay,completed,青海省,丹市,清河,金街i座,马峰,15103558617,yli@example.com,3,3.17,43.73,2025-03-11 17:38:44,"{'timestamp': '2025-03-05T06:54:47.634522', 'device_model': 'vivo X100', 'os_version': 'Android 14', 'browser': 'Chrome', 'browser_version': '90.0.8618.51', 'ip_address': '119.98.108.130', 'user_agent': 'Chrome/90.0.8618.51'}"
7003a2a5-5a54-4f77-b5bf-503e9e3b7fa8,2ed844cc-e494-4238-bb7c-a07385ee8c67,2025-02-20 17:29:08,1877.81,185.23,Debit Card,pending,青海省,太原市,沈北新,严街c座,张华,14576032000,taogang@example.net,2,9.54,30.03,2025-03-05 23:11:41,"{'timestamp': '2025-03-05T06:54:47.634598', 'device_model': 'Samsung S23 Ultra', 'os_version': 'Android 12', 'browser': 'Safari', 'browser_version': '111.0.5000.82', 'ip_address': '176.196.222.51', 'user_agent': 'Safari/111.0.5000.82'}"
3a4a6d01-0751-45a3-be2a-a91ef7d7f088,90fb21b9-f82e-4207-aea0-6e5fefbcc07c,2025-02-21 02:48:18,909.64,427.19,Credit Card,completed,山东省,荣县,华龙,贾街d座,姜超,15871012018,xiuyingdeng@example.net,8,17.15,32.97,2025-03-07 16:58:32,"{'timestamp': '2025-03-05T06:54:47.634679', 'device_model': 'iPhone 15 Pro', 'os_version': 'iOS 14', 'browser': 'Chrome', 'browser_version': '120.0.4501.76', 'ip_address': '41.194.65.170', 'user_agent': 'Chrome/120.0.4501.76'}"
0bca16ca-c3a9-4358-bf52-069eafe6a863,fb03d536-c96a-46f6-91b5-0e321d8cc041,2025-02-22 21:25:08,386.67,39.99,WeChat Pay,completed,河北省,宇县,双滦,张街d座,豆琳,18824293304,yang31@example.net,10,38.23,90.8,2025-03-10 07:29:35,"{'timestamp': '2025-03-05T06:54:47.634753', 'device_model': 'OPPO Find X6', 'os_version': 'Android 10', 'browser': 'Safari', 'browser_version': '85.0.3746.33', 'ip_address': '69.148.130.137', 'user_agent': 'Safari/85.0.3746.33'}"
140daaa8-a11b-4a34-b985-e1d627ce8604,a59cb5dd-d3d0-4276-82c6-4082e00c7b56,2025-02-15 19:40:53,5911.14,335.14,Debit Card,paid,天津市,建国县,淄川,哈尔滨路W座,陈宁,13916029352,xiulanliao@example.org,1,47.35,63.45,2025-03-11 05:11:05,"{'timestamp': '2025-03-05T06:54:47.634819', 'device_model': 'iPhone 15', 'os_version': 'iOS 17', 'browser': 'Firefox', 'browser_version': '86.0.6681.38', 'ip_address': '97.164.72.169', 'user_agent': 'Firefox/86.0.6681.38'}"
6a04a861-476b-4586-99ce-2e9e5883433a,c956fc7d-2697-4a8a-977c-35a4402fc6e8,2025-02-10 08:36:11,5212.73,28.56,WeChat Pay,completed,江苏省,东莞市,朝阳,潘街e座,乔丹,15192652072,nkong@example.com,6,37.78,90.07,2025-03-06 03:50:15,"{'timestamp': '2025-03-05T06:54:47.634883', 'device_model': 'iPhone 15', 'os_version': 'iOS 14', 'browser': 'Firefox', 'browser_version': '84.0.2926.16', 'ip_address': '221.39.181.56', 'user_agent': 'Firefox/84.0.2926.16'}"
f0eebefd-4f08-417b-b493-f75a750c7b45,a1196337-0eba-480a-a47e-340bfe54bbb0,2025-02-13 15:15:46,1488.86,365.84,Credit Card,completed,重庆市,彬市,静安,太原街O座,洪玉梅,15702360590,qiang60@example.org,3,26.13,18.87,2025-03-11 08:54:28,"{'timestamp': '2025-03-05T06:54:47.634946', 'device_model': 'iPhone 14', 'os_version': 'iOS 16', 'browser': 'Firefox', 'browser_version': '90.0.1596.85', 'ip_address': '23.248.52.172', 'user_agent': 'Firefox/90.0.1596.85'}"
8dea8bc9-0b52-46cc-babd-7c6346b3853f,d9889019-7c2a-4530-8971-2a14dcf37f63,2025-02-08 18:11:26,951.94,274.45,Alipay,paid,新疆维吾尔自治区,桂兰县,南溪,朱路j座,杨平,13979831532,lei31@example.org,6,27.84,48.11,2025-03-05 11:39:19,"{'timestamp': '2025-03-05T06:54:47.635009', 'device_model': 'Xiaomi 14', 'os_version': 'Android 11', 'browser': 'Safari', 'browser_version': '109.0.8703.98', 'ip_address': '102.235.164.76', 'user_agent': 'Safari/109.0.8703.98'}"
d3f8ab88-a48e-46e7-96ef-c959bdd123ab,b03cdbc2-6e01-4621-a151-80076746d92b,2025-02-17 01:56:54,4825.84,217.88,Debit Card,pending,吉林省,合肥县,门头沟,拉萨路f座,宋瑞,13850878430,ping68@example.com,9,5.94,67.72,2025-03-06 01:42:13,"{'timestamp': '2025-03-05T06:54:47.635088', 'device_model': 'iPhone 14', 'os_version': 'iOS 15', 'browser': 'Firefox', 'browser_version': '90.0.8187.80', 'ip_address': '6.61.167.63', 'user_agent': 'Firefox/90.0.8187.80'}"
fcda58c4-45fe-42da-b4b7-859b4ef72a63,35144c74-66fa-485b-8022-06ab89229bd0,2025-02-17 19:04:13,3425.21,326.85,WeChat Pay,cancelled,四川省,银川县,江北,阜新路E座,曹桂英,18571650569,leixue@example.net,9,42.14,8.88,2025-03-06 06:39:32,"{'timestamp': '2025-03-05T06:54:47.635159', 'device_model': 'iPhone 15', 'os_version': 'iOS 15', 'browser': 'Chrome', 'browser_version': '116.0.4981.86', 'ip_address': '86.32.109.25', 'user_agent': 'Chrome/116.0.4981.86'}"
0bebb3c9-1ca0-4cdd-8355-a18c4d0c7048,af3b328a-1a75-45d5-ab8b-2cf67d23a6c2,2025-02-18 02:36:02,5733.84,335.89,Credit Card,completed,云南省,丽华市,蓟州,重庆街g座,辛平,15591476216,dxia@example.org,4,25.22,60.31,2025-03-09 12:42:33,"{'timestamp': '2025-03-05T06:54:47.635222', 'device_model': 'iPhone 14 Pro', 'os_version': 'iOS 16', 'browser': 'Safari', 'browser_version': '93.0.8494.82', 'ip_address': '188.128.198.82', 'user_agent': 'Safari/93.0.8494.82'}"
a541b8ef-ff99-406e-90fd-6b812db8c058,08798961-0495-43b0-a60a-0fceddf4809e,2025-02-12 18:31:52,3315.07,182.92,Debit Card,cancelled,四川省,辉市,朝阳,阜新路n座,仲彬,18546404725,xia19@example.com,5,46.9,27.84,2025-03-10 06:30:42,"{'timestamp': '2025-03-05T06:54:47.635283', 'device_model': 'iPhone 14 Pro', 'os_version': 'iOS 17', 'browser': 'Safari', 'browser_version': '111.0.9280.71', 'ip_address': '11.6.32.184', 'user_agent': 'Safari/111.0.9280.71'}"
f305c690-f2ff-43d4-8a14-493bf6e583e0,9a31b831-0319-49e3-a7f3-e320f2e55062,2025-02-07 10:28:11,3114.72,80.2,Alipay,refunded,北京市,梧州市,江北,潮州路y座,周秀云,13727464817,wei15@example.net,4,7.21,91.54,2025-03-05 14:32:53,"{'timestamp': '2025-03-05T06:54:47.635344', 'device_model': 'Huawei P60', 'os_version': 'Android 14', 'browser': 'Safari', 'browser_version': '109.0.4191.66', 'ip_address': '114.213.109.38', 'user_agent': 'Safari/109.0.4191.66'}"
7613d802-a0da-48a9-8bd1-477de00fcc8b,ad6ffe61-abb8-4a6d-9298-b0111ecc33e8,2025-02-14 23:50:01,3188.93,127.83,Alipay,cancelled,内蒙古自治区,桂兰市,安次,姚街f座,李秀华,14529242333,atan@example.org,8,13.28,88.23,2025-03-08 19:52:13,"{'timestamp': '2025-03-05T06:54:47.635405', 'device_model': 'Xiaomi 14', 'os_version': 'Android 14', 'browser': 'Firefox', 'browser_version': '115.0.3798.45', 'ip_address': '61.205.73.128', 'user_agent': 'Firefox/115.0.3798.45'}"
3158b606-afc9-4cd6-bb40-9bc96f9e3ace,df4624df-86d4-437c-bd35-0b182fd34e61,2025-02-18 08:17:00,3031.18,266.98,Debit Card,completed,湖南省,沈阳县,花溪,东莞路w座,黄帆,15537422337,ywang@example.net,2,48.75,86.45,2025-03-09 14:04:41,"{'timestamp': '2025-03-05T06:54:47.635464', 'device_model': 'iPhone 15 Pro', 'os_version': 'iOS 14', 'browser': 'Firefox', 'browser_version': '98.0.5725.18', 'ip_address': '114.187.90.243', 'user_agent': 'Firefox/98.0.5725.18'}"
5874c729-3032-4df1-89bd-b9bf8feee588,cceca26f-f744-4794-b6cf-206068829071,2025-02-11 08:55:06,9186.76,356.45,Alipay,cancelled,海南省,东莞县,安次,程路v座,任玉珍,15937005083,guiying21@example.com,5,25.25,88.77,2025-03-07 15:03:19,"{'timestamp': '2025-03-05T06:54:47.635523', 'device_model': 'iPhone 15 Pro', 'os_version': 'iOS 16', 'browser': 'Chrome', 'browser_version': '104.0.1902.91', 'ip_address': '33.201.106.95', 'user_agent': 'Chrome/104.0.1902.91'}"
9f26c6d1-62d5-4205-929c-ca42a82b8623,ee29b5f9-ac4b-433f-b0f6-a1cadd6a6a75,2025-02-15 05:02:20,6568.53,325.29,Alipay,refunded,四川省,鑫市,滨城,六盘水路V座,何霞,18618464759,haojuan@example.com,10,20.34,93.12,2025-03-07 21:27:03,"{'timestamp': '2025-03-05T06:54:47.635593', 'device_model': 'vivo X100', 'os_version': 'Android 11', 'browser': 'Firefox', 'browser_version': '91.0.3403.94', 'ip_address': '15.84.101.84', 'user_agent': 'Firefox/91.0.3403.94'}"
20b99d1a-11eb-4f80-9495-b98fb4d5a0bf,8f928d27-9347-498f-9dc8-afd6bcdad80b,2025-02-21 06:55:18,505.79,429.04,WeChat Pay,pending,宁夏回族自治区,济南市,南湖,林路F座,李瑞,15872529360,yan21@example.com,7,44.22,51.92,2025-03-11 12:37:28,"{'timestamp': '2025-03-05T06:54:47.635656', 'device_model': 'iPhone 14 Pro', 'os_version': 'iOS 16', 'browser': 'Firefox', 'browser_version': '95.0.6069.79', 'ip_address': '145.102.160.112', 'user_agent': 'Firefox/95.0.6069.79'}"
22490e9b-66a6-491e-afcf-42fd4110d96b,5c60c7d4-a765-4779-a9f6-7776050e55ab,2025-02-13 04:12:02,5274.08,104.39,Alipay,paid,黑龙江省,淮安县,黄浦,宋路u座,陆杰,14508831226,pinghou@example.org,2,25.47,6.77,2025-03-11 18:36:17,"{'timestamp': '2025-03-05T06:54:47.635717', 'device_model': 'iPhone 14', 'os_version': 'iOS 17', 'browser': 'Chrome', 'browser_version': '83.0.4080.68', 'ip_address': '53.94.220.181', 'user_agent': 'Chrome/83.0.4080.68'}"
933ee7c5-c7f4-4017-8f86-117514cfc2c6,02c8afa5-5862-4b20-9686-bd6c9edd1574,2025-02-20 06:11:00,3886.86,56.03,Alipay,pending,江苏省,石家庄县,秀英,武汉街G座,陈桂珍,15170976574,bwan@example.com,10,5.2,3.63,2025-03-06 10:46:54,"{'timestamp': '2025-03-05T06:54:47.635779', 'device_model': 'iPhone 14', 'os_version': 'iOS 17', 'browser': 'Chrome', 'browser_version': '109.0.9888.34', 'ip_address': '132.50.231.26', 'user_agent': 'Chrome/109.0.9888.34'}"
029d31f8-951a-4bb5-8583-a884b14fc425,ded0435c-b9e4-4dc7-838d-afecf9d3d3f5,2025-03-02 02:50:47,9201.85,284.93,Debit Card,completed,四川省,杭州市,淄川,乌鲁木齐路F座,周淑兰,13154343471,guiying83@example.org,6,9.2,97.75,2025-03-07 19:07:15,"{'timestamp': '2025-03-05T06:54:47.635838', 'device_model': 'OPPO Find X6', 'os_version': 'Android 10', 'browser': 'Safari', 'browser_version': '112.0.5636.45', 'ip_address': '23.164.24.100', 'user_agent': 'Safari/112.0.5636.45'}"
3e72904f-38da-4b0e-9ab3-738dcb697d04,f0861557-90a4-4c5f-91e5-ba3e8ef9ef3a,2025-02-13 12:17:43,1896.87,253.86,Debit Card,refunded,江西省,沈阳县,静安,南昌街l座,崔欣,13390612691,jing49@example.net,1,25.21,24.29,2025-03-10 07:57:00,"{'timestamp': '2025-03-05T06:54:47.635897', 'device_model': 'iPhone 14', 'os_version': 'iOS 16', 'browser': 'Safari', 'browser_version': '117.0.4125.98', 'ip_address': '144.153.58.66', 'user_agent': 'Safari/117.0.4125.98'}"
28034ebe-96bb-422b-9c49-f7ef58c227bf,57bd0bd3-28a2-406f-a5b0-d2c9e3948193,2025-02-26 21:31:00,6172.41,394.81,WeChat Pay,cancelled,甘肃省,辽阳市,海港,阎路B座,何秀英,15551741503,jingtian@example.net,9,49.2,99.82,2025-03-07 09:26:30,"{'timestamp': '2025-03-05T06:54:47.635971', 'device_model': 'iPhone 14', 'os_version': 'iOS 14', 'browser': 'Safari', 'browser_version': '107.0.5838.55', 'ip_address': '213.238.235.147', 'user_agent': 'Safari/107.0.5838.55'}"
149ade17-07ca-43de-b6b6-4f3d6b7e3067,7f5449db-49d0-4f3b-9c50-4e8b6fbc2306,2025-02-05 11:48:44,4351.24,55.76,WeChat Pay,cancelled,广西壮族自治区,潮州市,梁平,赖路t座,刘波,15086495484,wei53@example.org,10,40.05,81.58,2025-03-09 06:29:49,"{'timestamp': '2025-03-05T06:54:47.636032', 'device_model': 'OPPO Find X6', 'os_version': 'Android 12', 'browser': 'Firefox', 'browser_version': '104.0.4183.26', 'ip_address': '5.215.220.140', 'user_agent': 'Firefox/104.0.4183.26'}"
fc0a857e-e871-41ca-8da8-16fcfbaaf60c,05150dc2-f069-4854-bb70-a6972bd37326,2025-02-11 11:02:54,1028.86,12.64,Alipay,completed,湖北省,玉英市,高港,大冶路x座,刘娟,18204986130,pye@example.net,7,31.76,6.0,2025-03-05 10:49:24,"{'timestamp': '2025-03-05T06:54:47.636091', 'device_model': 'Samsung S23', 'os_version': 'Android 14', 'browser': 'Firefox', 'browser_version': '106.0.6890.97', 'ip_address': '171.184.157.205', 'user_agent': 'Firefox/106.0.6890.97'}"
d2821c7b-fe39-4873-859e-070a42526909,9fe5b6b0-88b2-40a4-87e5-b87b648892c5,2025-02-17 12:50:31,5122.68,435.61,Alipay,cancelled,吉林省,宇市,友好,北镇路y座,唐建,13958825452,jlai@example.com,7,18.86,37.19,2025-03-06 13:26:22,"{'timestamp': '2025-03-05T06:54:47.636153', 'device_model': 'iPhone 14', 'os_version': 'iOS 17', 'browser': 'Chrome', 'browser_version': '91.0.8031.63', 'ip_address': '146.49.138.216', 'user_agent': 'Chrome/91.0.8031.63'}"
e92708ee-9f25-494e-adda-07abfeb10ddc,5a950401-35b2-4c44-a6df-b0c83792388b,2025-02-23 08:37:31,8607.98,228.75,Credit Card,refunded,天津市,秀芳县,西峰,赵街B座,闻静,15844533933,vzhou@example.com,7,47.98,39.51,2025-03-07 19:52:11,"{'timestamp': '2025-03-05T06:54:47.636212', 'device_model': 'iPhone 15', 'os_version': 'iOS 16', 'browser': 'Chrome', 'browser_version': '105.0.8026.37', 'ip_address': '150.53.228.237', 'user_agent': 'Chrome/105.0.8026.37'}"
66ca63d4-a204-4000-bbb9-2b73198ab141,d92328d5-5a2d-4205-bc59-08389e122f62,2025-02-12 12:59:21,7570.01,384.75,Debit Card,pending,黑龙江省,玉梅市,沈河,周街u座,姚健,13836797155,yongwang@example.org,8,12.09,66.57,2025-03-10 09:10:17,"{'timestamp': '2025-03-05T06:54:47.636272', 'device_model': 'Huawei P60', 'os_version': 'Android 12', 'browser': 'Chrome', 'browser_version': '99.0.1961.65', 'ip_address': '29.200.191.144', 'user_agent': 'Chrome/99.0.1961.65'}"
407fa759-ede4-4976-91b0-8b76af93fa8f,8f78d092-9e81-42be-975f-869f296039b5,2025-02-25 18:17:47,3283.54,102.97,Credit Card,cancelled,山东省,玉兰市,东城,赵街y座,萧杰,18916989553,yang07@example.org,3,11.47,73.56,2025-03-08 16:57:50,"{'timestamp': '2025-03-05T06:54:47.636335', 'device_model': 'Samsung S23', 'os_version': 'Android 10', 'browser': 'Safari', 'browser_version': '90.0.6240.99', 'ip_address': '121.254.184.116', 'user_agent': 'Safari/90.0.6240.99'}"
498d5804-57dd-4937-b836-b1ba918141c8,57dcc0b3-f77e-4e34-99f5-799e154273ce,2025-03-02 09:25:03,2041.26,385.77,Debit Card,pending,江西省,马鞍山县,滨城,蒲路b座,田小红,13395923603,hxia@example.net,2,31.21,76.08,2025-03-06 19:57:36,"{'timestamp': '2025-03-05T06:54:47.636393', 'device_model': 'vivo X100', 'os_version': 'Android 10', 'browser': 'Safari', 'browser_version': '114.0.3788.24', 'ip_address': '70.215.62.14', 'user_agent': 'Safari/114.0.3788.24'}"
3160cd20-390b-474a-8f11-2f6ba3220087,adc9b151-b6b6-4ff6-9c7e-c182580d0a3c,2025-02-28 08:28:53,4621.03,444.97,Credit Card,refunded,福建省,哈尔滨县,静安,郑路X座,胡飞,13827854792,guiying53@example.org,3,43.13,13.54,2025-03-10 01:38:55,"{'timestamp': '2025-03-05T06:54:47.636450', 'device_model': 'iPhone 15', 'os_version': 'iOS 14', 'browser': 'Safari', 'browser_version': '102.0.7618.53', 'ip_address': '220.161.230.136', 'user_agent': 'Safari/102.0.7618.53'}"
6eb4f8b8-c8f3-4024-878a-b1238adfc956,5d267783-056a-4ed1-9ce8-5bc18883619f,2025-02-25 16:38:49,6530.41,273.38,WeChat Pay,refunded,山西省,郑州县,魏都,魏街J座,王桂英,15285203087,gaojie@example.org,8,32.8,48.53,2025-03-10 11:20:02,"{'timestamp': '2025-03-05T06:54:47.636506', 'device_model': 'iPhone 15 Pro', 'os_version': 'iOS 15', 'browser': 'Chrome', 'browser_version': '90.0.3303.33', 'ip_address': '145.65.186.137', 'user_agent': 'Chrome/90.0.3303.33'}"
8bd76733-9ea6-421c-ab49-7da7c66d07ff,29eed8af-3857-4712-9bf8-d74987b9141e,2025-02-17 23:18:52,3878.92,58.02,Credit Card,refunded,宁夏回族自治区,想市,华龙,郝路W座,邱小红,15331901722,xiacai@example.net,6,43.86,54.36,2025-03-10 01:01:14,"{'timestamp': '2025-03-05T06:54:47.636564', 'device_model': 'iPhone 14 Pro', 'os_version': 'iOS 17', 'browser': 'Safari', 'browser_version': '104.0.6180.23', 'ip_address': '70.187.129.110', 'user_agent': 'Safari/104.0.6180.23'}"
7a595e36-f94d-4119-a29c-02ece5830f94,5e450c99-f691-4d5c-8463-62441e9ce0af,2025-02-19 19:54:54,7984.38,38.0,Credit Card,refunded,上海市,通辽市,兴山,谢路Y座,齐芳,13069574767,wguo@example.com,6,18.52,18.14,2025-03-07 11:50:29,"{'timestamp': '2025-03-05T06:54:47.636620', 'device_model': 'iPhone 14', 'os_version': 'iOS 17', 'browser': 'Firefox', 'browser_version': '119.0.6637.86', 'ip_address': '65.44.147.171', 'user_agent': 'Firefox/119.0.6637.86'}"
0440f136-78d6-4aad-97c1-38cd4ecac744,21ad4958-4756-4949-ad11-e260e418440e,2025-02-20 08:49:47,149.71,480.93,Credit Card,cancelled,广西壮族自治区,峰县,华龙,郑路w座,朱淑珍,13024053184,guiying46@example.net,10,36.07,2.09,2025-03-10 05:56:00,"{'timestamp': '2025-03-05T06:54:47.636688', 'device_model': 'iPhone 14', 'os_version': 'iOS 17', 'browser': 'Safari', 'browser_version': '82.0.9258.17', 'ip_address': '8.201.11.14', 'user_agent': 'Safari/82.0.9258.17'}"
93c07257-a066-4ee1-a6c9-8b09f8bb135e,23c8f594-41ff-492c-a291-76396c54353f,2025-02-28 10:14:41,8589.22,357.78,WeChat Pay,cancelled,内蒙古自治区,兵市,丰都,郑路h座,萧艳,13473261284,ptan@example.com,8,32.66,33.72,2025-03-11 05:27:25,"{'timestamp': '2025-03-05T06:54:47.636746', 'device_model': 'vivo X100', 'os_version': 'Android 14', 'browser': 'Firefox', 'browser_version': '113.0.2376.99', 'ip_address': '63.195.195.235', 'user_agent': 'Firefox/113.0.2376.99'}"
55439c8b-97dd-4217-ab97-ff966c209b19,3eef14c4-d362-4758-a45b-21e3a2e591d5,2025-02-25 23:01:09,4949.11,378.29,Debit Card,refunded,黑龙江省,艳县,金平,齐齐哈尔街r座,王强,18224174818,ydeng@example.com,2,8.71,63.89,2025-03-11 10:52:09,"{'timestamp': '2025-03-05T06:54:47.636803', 'device_model': 'iPhone 14 Pro', 'os_version': 'iOS 15', 'browser': 'Safari', 'browser_version': '116.0.8306.98', 'ip_address': '153.13.201.66', 'user_agent': 'Safari/116.0.8306.98'}"
d024b04b-7999-4ab6-ab2a-a981a58a2db1,f7228c3d-e675-42ae-9d30-9bbcac76e279,2025-02-16 17:31:27,9857.57,483.01,WeChat Pay,completed,陕西省,艳市,魏都,长春街T座,杨强,15003729849,jing02@example.net,10,44.2,0.27,2025-03-08 07:09:03,"{'timestamp': '2025-03-05T06:54:47.636860', 'device_model': 'Samsung S23', 'os_version': 'Android 10', 'browser': 'Chrome', 'browser_version': '106.0.6929.98', 'ip_address': '128.69.44.167', 'user_agent': 'Chrome/106.0.6929.98'}"
17569a09-94d1-4382-81fb-e55ad46a5d77,e1733307-875a-479c-a11b-f0344a27ef8e,2025-02-10 19:54:58,5462.84,262.62,Credit Card,cancelled,吉林省,邯郸市,永川,北京路F座,刘玉珍,13335537938,gtian@example.org,3,31.06,5.79,2025-03-07 23:44:01,"{'timestamp': '2025-03-05T06:54:47.636918', 'device_model': 'Huawei P60', 'os_version': 'Android 13', 'browser': 'Firefox', 'browser_version': '88.0.4210.87', 'ip_address': '210.205.62.76', 'user_agent': 'Firefox/88.0.4210.87'}"
3dc4ec8f-743b-424d-b10f-d977a9f1281a,326b088b-fc1f-40db-8d29-0af183da248c,2025-02-09 06:44:37,9155.22,87.87,WeChat Pay,completed,香港特别行政区,鹏县,黄浦,辛集街o座,宋飞,13796537422,nali@example.net,7,13.74,48.22,2025-03-08 06:45:30,"{'timestamp': '2025-03-05T06:54:47.636975', 'device_model': 'iPhone 14', 'os_version': 'iOS 15', 'browser': 'Chrome', 'browser_version': '82.0.5643.99', 'ip_address': '81.2.135.4', 'user_agent': 'Chrome/82.0.5643.99'}"
ab125134-9951-4d69-8f9b-b969192bfae9,6ccfb68c-01de-445e-b609-e5b351d2e3af,2025-02-04 14:29:12,4855.5,158.82,WeChat Pay,completed,重庆市,鑫县,大兴,俞路M座,尹桂芳,18849535569,jieqiu@example.org,5,34.79,3.9,2025-03-10 09:05:33,"{'timestamp': '2025-03-05T06:54:47.637031', 'device_model': 'iPhone 15', 'os_version': 'iOS 15', 'browser': 'Chrome', 'browser_version': '99.0.7881.32', 'ip_address': '47.250.165.191', 'user_agent': 'Chrome/99.0.7881.32'}"
7cfaec57-dd6a-4d64-920b-fdf0e084f4eb,32fa45de-93bf-42a1-b6c8-6a18e842b2dc,2025-02-16 17:21:03,8020.62,125.99,Alipay,refunded,宁夏回族自治区,瑜县,房山,谢路D座,宗刚,15714080264,guiying89@example.org,5,49.71,76.47,2025-03-05 08:33:29,"{'timestamp': '2025-03-05T06:54:47.637096', 'device_model': 'OPPO Find X6', 'os_version': 'Android 13', 'browser': 'Firefox', 'browser_version': '113.0.8842.68', 'ip_address': '211.225.227.64', 'user_agent': 'Firefox/113.0.8842.68'}"
a5751952-4459-4bd7-9dd0-e3b4b5b030d8,dba0d2a0-4cbc-438c-ad5a-4ca8fdddc01a,2025-02-19 16:39:58,1872.06,147.04,WeChat Pay,refunded,福建省,香港市,花溪,六盘水路E座,张桂花,13184673197,yong91@example.net,10,39.63,10.7,2025-03-11 17:32:13,"{'timestamp': '2025-03-05T06:54:47.637159', 'device_model': 'Xiaomi 14', 'os_version': 'Android 14', 'browser': 'Safari', 'browser_version': '99.0.8201.77', 'ip_address': '161.160.103.196', 'user_agent': 'Safari/99.0.8201.77'}"
c0b6c8e7-a688-4cc8-95fc-f2a3db2bf7a7,9ec8e22f-c496-44b2-916c-1c4b18986d23,2025-02-05 07:29:39,8776.96,395.04,Alipay,cancelled,黑龙江省,潮州市,合川,福州路n座,张旭,15721081855,qinguiying@example.org,5,47.95,87.64,2025-03-07 09:02:30,"{'timestamp': '2025-03-05T06:54:47.637217', 'device_model': 'vivo X100', 'os_version': 'Android 14', 'browser': 'Safari', 'browser_version': '93.0.6057.87', 'ip_address': '202.167.36.198', 'user_agent': 'Safari/93.0.6057.87'}"
2950b010-e816-4d38-8c87-38c4a650176f,d1015e7e-8b25-47dc-8288-a93a06842f56,2025-02-09 21:36:51,4497.1,262.45,WeChat Pay,paid,辽宁省,西安市,门头沟,凌路f座,卢倩,18764531217,mingzheng@example.org,7,2.47,1.03,2025-03-06 18:48:14,"{'timestamp': '2025-03-05T06:54:47.637275', 'device_model': 'Samsung S23 Ultra', 'os_version': 'Android 10', 'browser': 'Safari', 'browser_version': '102.0.5419.73', 'ip_address': '155.125.224.56', 'user_agent': 'Safari/102.0.5419.73'}"
53843bed-3533-412e-8528-206aa1b97883,b829b852-2cfa-46f7-ad7e-aa351c157269,2025-03-03 00:40:52,1325.09,177.7,WeChat Pay,pending,贵州省,玉珍县,怀柔,淮安街Z座,史勇,18654898421,xiagong@example.net,7,1.99,30.09,2025-03-07 17:59:51,"{'timestamp': '2025-03-05T06:54:47.637332', 'device_model': 'iPhone 15', 'os_version': 'iOS 15', 'browser': 'Chrome', 'browser_version': '94.0.1090.28', 'ip_address': '18.8.75.146', 'user_agent': 'Chrome/94.0.1090.28'}"
62569d23-b71b-4c34-9901-0faab4045e2c,76f0bd5b-92cc-43b6-9fca-d4f052ea9aa8,2025-02-10 06:15:56,5745.99,349.23,WeChat Pay,cancelled,山西省,郑州市,江北,哈尔滨街v座,李兰英,18560880869,yanshi@example.org,7,10.73,49.08,2025-03-08 20:24:09,"{'timestamp': '2025-03-05T06:54:47.637389', 'device_model': 'OPPO Find X6', 'os_version': 'Android 11', 'browser': 'Chrome', 'browser_version': '87.0.4435.42', 'ip_address': '202.230.36.166', 'user_agent': 'Chrome/87.0.4435.42'}"
f8ef6609-cfa4-4f3b-8b90-b0e24601bb20,0d2b6f91-d924-40c1-be07-55f672d8b9fd,2025-02-09 08:31:47,7488.22,329.57,Credit Card,pending,广东省,秀梅市,大兴,刘街I座,王霞,15350169679,hpeng@example.org,10,47.45,43.77,2025-03-07 19:34:13,"{'timestamp': '2025-03-05T06:54:47.637454', 'device_model': 'Huawei P60', 'os_version': 'Android 10', 'browser': 'Chrome', 'browser_version': '117.0.2320.64', 'ip_address': '201.121.215.236', 'user_agent': 'Chrome/117.0.2320.64'}"
57c231e8-b41a-4543-9c6e-ae0837406a10,8a1e841c-e606-4b17-8ef1-22528bf4d266,2025-02-08 13:10:18,6924.65,321.25,Credit Card,pending,河南省,惠州市,山亭,秦街L座,陆琴,13367977048,juanfang@example.com,9,4.34,73.73,2025-03-05 17:31:14,"{'timestamp': '2025-03-05T06:54:47.637512', 'device_model': 'Huawei P60', 'os_version': 'Android 13', 'browser': 'Chrome', 'browser_version': '96.0.4372.25', 'ip_address': '147.222.102.104', 'user_agent': 'Chrome/96.0.4372.25'}"
bf97fcda-969c-4431-858c-e3d06dce7e8f,922f51c6-b35c-400e-9abd-7a467d7ae38c,2025-02-27 05:38:35,9535.41,446.53,Debit Card,completed,浙江省,红县,徐汇,王路z座,张雪梅,13839677839,na98@example.com,2,3.97,83.78,2025-03-12 03:00:33,"{'timestamp': '2025-03-05T06:54:47.637569', 'device_model': 'iPhone 14', 'os_version': 'iOS 14', 'browser': 'Firefox', 'browser_version': '102.0.2313.74', 'ip_address': '164.167.143.218', 'user_agent': 'Firefox/102.0.2313.74'}"
333445b6-9a25-4cf3-afae-e74e117b7dfe,cb646a36-55b7-4d42-8300-51fe20ede117,2025-02-07 15:43:18,8480.58,433.68,WeChat Pay,refunded,青海省,潮州县,沙市,梧州路A座,韩鹏,14751840378,wanli@example.net,4,48.63,2.24,2025-03-09 04:38:58,"{'timestamp': '2025-03-05T06:54:47.637627', 'device_model': 'Samsung S23', 'os_version': 'Android 13', 'browser': 'Safari', 'browser_version': '93.0.7520.96', 'ip_address': '206.23.28.17', 'user_agent': 'Safari/93.0.7520.96'}"
05938cba-b7e7-45d0-a805-30f1e1e437b8,9879244a-7426-40c1-93d0-65181d38cef7,2025-02-10 14:04:48,6782.23,95.8,Alipay,pending,贵州省,婷婷市,沙湾,杨路u座,刘亮,18195115732,fangfu@example.net,4,7.17,1.63,2025-03-10 05:43:18,"{'timestamp': '2025-03-05T06:54:47.637684', 'device_model': 'iPhone 15 Pro', 'os_version': 'iOS 16', 'browser': 'Safari', 'browser_version': '112.0.9911.12', 'ip_address': '4.205.164.108', 'user_agent': 'Safari/112.0.9911.12'}"
31d3039e-c05b-4947-8a45-2b1e2bbdedc1,612ce0de-059d-4e7f-a8bb-a9e197c8b19d,2025-02-20 23:04:08,2541.06,241.93,Credit Card,paid,福建省,雷市,锡山,柳州街h座,蒋峰,15291910433,yan09@example.com,6,38.07,58.59,2025-03-08 14:56:27,"{'timestamp': '2025-03-05T06:54:47.637740', 'device_model': 'Xiaomi 14', 'os_version': 'Android 10', 'browser': 'Firefox', 'browser_version': '110.0.3452.86', 'ip_address': '176.129.226.98', 'user_agent': 'Firefox/110.0.3452.86'}"
3772efa0-39f0-4fe7-a2f8-38e1eff4ea80,7fcc6006-423a-4985-82f3-aecca427fd9b,2025-02-20 15:22:10,7670.24,416.54,Alipay,cancelled,宁夏回族自治区,兴安盟市,门头沟,兴安盟路k座,杨桂荣,15831672495,xiachen@example.com,10,15.56,19.0,2025-03-06 04:39:44,"{'timestamp': '2025-03-05T06:54:47.637802', 'device_model': 'Xiaomi 14', 'os_version': 'Android 11', 'browser': 'Firefox', 'browser_version': '104.0.3554.59', 'ip_address': '128.143.116.223', 'user_agent': 'Firefox/104.0.3554.59'}"
9c687c26-79eb-4273-b867-3692900af9ad,12601807-ecca-4470-8778-21bd0a45f9b5,2025-02-24 16:50:28,3719.32,335.62,WeChat Pay,cancelled,陕西省,长沙市,花溪,佛山街R座,王淑兰,13910117462,juanhe@example.net,5,11.09,88.41,2025-03-05 22:59:40,"{'timestamp': '2025-03-05T06:54:47.637859', 'device_model': 'iPhone 14', 'os_version': 'iOS 15', 'browser': 'Chrome', 'browser_version': '101.0.3808.39', 'ip_address': '201.120.152.213', 'user_agent': 'Chrome/101.0.3808.39'}"
fd9d9fb8-fc34-46f0-8d75-b810e043c513,e101d65a-27a8-4ec0-bdb8-4300fa51473f,2025-02-04 21:31:59,1981.03,393.45,Credit Card,cancelled,北京市,磊市,南湖,蔡街c座,张云,15635054762,jun51@example.com,10,46.67,10.16,2025-03-10 07:20:17,"{'timestamp': '2025-03-05T06:54:47.637917', 'device_model': 'Huawei P60', 'os_version': 'Android 12', 'browser': 'Chrome', 'browser_version': '101.0.9070.98', 'ip_address': '44.206.147.241', 'user_agent': 'Chrome/101.0.9070.98'}"
fb52c26c-6933-4578-a5ae-aa36b2ccbe06,79394bca-cee1-4407-a1a3-1fc58df53833,2025-02-16 19:56:15,6932.65,321.39,Credit Card,completed,香港特别行政区,慧县,滨城,张家港街i座,曾晨,14560172366,vxia@example.org,4,31.89,71.04,2025-03-05 20:32:35,"{'timestamp': '2025-03-05T06:54:47.637979', 'device_model': 'Xiaomi 14', 'os_version': 'Android 13', 'browser': 'Firefox', 'browser_version': '104.0.3614.17', 'ip_address': '1.124.61.148', 'user_agent': 'Firefox/104.0.3614.17'}"
bcc2bcf3-2c4b-4a74-9230-873c7dfbd895,00159af9-0256-4270-b208-78dbfa6aad0b,2025-02-21 19:49:04,8963.99,376.29,WeChat Pay,paid,山西省,荆门县,门头沟,萧路y座,彭超,13999937359,gongmin@example.com,9,22.7,38.33,2025-03-09 12:43:17,"{'timestamp': '2025-03-05T06:54:47.638035', 'device_model': 'iPhone 14', 'os_version': 'iOS 16', 'browser': 'Safari', 'browser_version': '113.0.9395.93', 'ip_address': '125.159.190.228', 'user_agent': 'Safari/113.0.9395.93'}"
fa8b01a2-bd9e-4d55-a0a2-c5a3fff7f87c,5b90dd42-3b2d-42e1-b212-ab8199cb04bc,2025-02-27 05:28:23,4216.68,84.62,Credit Card,pending,天津市,雪县,清浦,俞路y座,林磊,15634335793,xiulanchang@example.net,6,7.05,13.58,2025-03-11 08:27:00,"{'timestamp': '2025-03-05T06:54:47.638091', 'device_model': 'iPhone 14 Pro', 'os_version': 'iOS 16', 'browser': 'Firefox', 'browser_version': '96.0.3090.24', 'ip_address': '51.183.196.253', 'user_agent': 'Firefox/96.0.3090.24'}"
75877cf8-dfd2-4cba-a289-c9cc295380b2,2c9e58d4-a1bd-4336-a4d5-29576da0ba5d,2025-02-04 17:17:58,7997.52,474.3,WeChat Pay,pending,甘肃省,张家港市,南长,巢湖路L座,王慧,18748402699,nwang@example.net,2,46.09,72.5,2025-03-09 19:38:55,"{'timestamp': '2025-03-05T06:54:47.638154', 'device_model': 'Huawei P60', 'os_version': 'Android 13', 'browser': 'Firefox', 'browser_version': '91.0.8575.37', 'ip_address': '186.195.153.218', 'user_agent': 'Firefox/91.0.8575.37'}"
97c84b73-d02b-4253-9532-f2594c722108,da26a3df-1616-4ae9-a3fd-8096a94172ae,2025-02-18 16:16:23,4393.08,469.92,WeChat Pay,pending,内蒙古自治区,波市,东丽,宜都街h座,刘杰,13157351227,pgu@example.net,9,8.89,42.61,2025-03-08 19:26:33,"{'timestamp': '2025-03-05T06:54:47.638210', 'device_model': 'Huawei P60', 'os_version': 'Android 12', 'browser': 'Chrome', 'browser_version': '91.0.1890.94', 'ip_address': '110.172.226.209', 'user_agent': 'Chrome/91.0.1890.94'}"
42598329-4457-4fea-b10f-dd362ea8b599,b33d120d-23c3-470f-82a7-a70f34b7a67a,2025-02-23 06:10:22,8431.57,405.72,Alipay,completed,福建省,婷县,黄浦,荆门街b座,石东,15550549433,gdu@example.com,10,39.99,48.88,2025-03-11 00:58:20,"{'timestamp': '2025-03-05T06:54:47.638270', 'device_model': 'Xiaomi 14', 'os_version': 'Android 12', 'browser': 'Firefox', 'browser_version': '110.0.4529.42', 'ip_address': '188.160.172.216', 'user_agent': 'Firefox/110.0.4529.42'}"
d6952e4c-34d0-46b1-b1f4-48e20bfa41d2,72b8dc71-897a-43ff-9969-c15f5086fca6,2025-03-02 14:47:46,9306.44,174.42,WeChat Pay,refunded,辽宁省,广州县,东城,何路W座,毛建平,13906001084,fang17@example.net,10,33.6,60.54,2025-03-11 09:06:47,"{'timestamp': '2025-03-05T06:54:47.638343', 'device_model': 'Xiaomi 14', 'os_version': 'Android 11', 'browser': 'Chrome', 'browser_version': '89.0.7644.96', 'ip_address': '148.154.102.53', 'user_agent': 'Chrome/89.0.7644.96'}"
8b36c870-14cd-4239-9c81-6dc06ed381d2,57f96a71-d546-4d00-a8eb-820aaf6fb05a,2025-02-25 15:13:12,5088.06,252.03,Credit Card,cancelled,上海市,澳门市,友好,张家港路e座,余刚,18889267459,juansun@example.org,9,3.91,66.84,2025-03-06 04:07:06,"{'timestamp': '2025-03-05T06:54:47.638432', 'device_model': 'iPhone 15', 'os_version': 'iOS 14', 'browser': 'Safari', 'browser_version': '88.0.2073.18', 'ip_address': '167.118.240.40', 'user_agent': 'Safari/88.0.2073.18'}"
71e9a75e-a159-4677-a1cd-dbbcf3b651a4,94ea0f7c-bf17-4659-b987-8ce939e044df,2025-03-04 13:21:21,900.82,386.23,Alipay,cancelled,广西壮族自治区,香港县,静安,祝路O座,温杨,14569152580,uren@example.org,3,22.07,22.66,2025-03-10 16:45:16,"{'timestamp': '2025-03-05T06:54:47.638522', 'device_model': 'OPPO Find X6', 'os_version': 'Android 10', 'browser': 'Safari', 'browser_version': '82.0.5299.69', 'ip_address': '210.18.221.169', 'user_agent': 'Safari/82.0.5299.69'}"
3be1a34d-42a9-46d9-8320-ff7befce6af8,bf5374ab-d68f-4953-8bce-bb5c5d409714,2025-03-04 07:28:36,9028.52,260.28,Credit Card,completed,黑龙江省,南宁县,永川,乌鲁木齐街d座,项秀荣,14520012531,rchang@example.org,3,40.99,79.51,2025-03-05 19:24:50,"{'timestamp': '2025-03-05T06:54:47.638601', 'device_model': 'OPPO Find X6', 'os_version': 'Android 11', 'browser': 'Chrome', 'browser_version': '100.0.5869.96', 'ip_address': '103.69.238.141', 'user_agent': 'Chrome/100.0.5869.96'}"
2c87a3cd-cdb4-4182-a18f-e0cdd7ad3918,944ab29f-ee24-4e79-974f-91d760653781,2025-02-27 12:15:35,3348.08,101.52,Alipay,completed,内蒙古自治区,西安县,梁平,梧州街F座,孙平,15876891057,jinxia@example.net,10,23.92,86.85,2025-03-10 03:48:33,"{'timestamp': '2025-03-05T06:54:47.638689', 'device_model': 'iPhone 15', 'os_version': 'iOS 17', 'browser': 'Safari', 'browser_version': '95.0.5466.72', 'ip_address': '167.227.186.168', 'user_agent': 'Safari/95.0.5466.72'}"
b8787ca3-be5d-4517-8234-0f6ff756949b,a90684c1-80eb-4438-a915-cb50b6de9c5a,2025-02-20 05:26:12,3841.11,342.73,Debit Card,cancelled,北京市,南京县,房山,淮安路N座,周洁,15543836458,guiying78@example.org,9,42.85,30.46,2025-03-09 20:35:27,"{'timestamp': '2025-03-05T06:54:47.638766', 'device_model': 'OPPO Find X6', 'os_version': 'Android 14', 'browser': 'Firefox', 'browser_version': '114.0.7748.75', 'ip_address': '222.36.170.193', 'user_agent': 'Firefox/114.0.7748.75'}"
27af8cdb-1e4a-4864-a8c6-856cd75b365c,02586e58-b3fa-42a7-a491-505efd6a2b7f,2025-02-26 16:01:53,5011.97,416.42,WeChat Pay,cancelled,陕西省,杭州县,怀柔,单路M座,朱静,15103125891,chao32@example.org,7,6.18,55.31,2025-03-09 02:17:25,"{'timestamp': '2025-03-05T06:54:47.638846', 'device_model': 'Samsung S23 Ultra', 'os_version': 'Android 11', 'browser': 'Chrome', 'browser_version': '89.0.3848.33', 'ip_address': '77.182.219.85', 'user_agent': 'Chrome/89.0.3848.33'}"
5c604d92-c514-4c97-8509-a1d1b537a2f6,e600a9c7-3d55-4856-9fc9-fa032bb15a44,2025-02-28 01:37:26,2555.4,247.43,Debit Card,refunded,甘肃省,慧县,静安,赵街f座,吴帅,14737872740,xiayin@example.org,4,39.81,18.97,2025-03-12 05:56:09,"{'timestamp': '2025-03-05T06:54:47.638943', 'device_model': 'iPhone 14 Pro', 'os_version': 'iOS 16', 'browser': 'Safari', 'browser_version': '109.0.7715.60', 'ip_address': '119.92.227.30', 'user_agent': 'Safari/109.0.7715.60'}"
8191a159-99b2-407f-ae96-a2efc7909035,5fb92d82-4e0c-4021-8d28-21671e2bf691,2025-02-08 16:28:38,8864.81,60.76,Debit Card,cancelled,天津市,勇县,普陀,宜都街X座,姜红,13790146462,bwan@example.org,3,24.62,7.06,2025-03-10 03:06:04,"{'timestamp': '2025-03-05T06:54:47.639037', 'device_model': 'iPhone 15 Pro', 'os_version': 'iOS 16', 'browser': 'Chrome', 'browser_version': '111.0.1303.74', 'ip_address': '95.0.4.239', 'user_agent': 'Chrome/111.0.1303.74'}"
eb2ba352-1ea1-4095-a89a-8e555942b483,a2b11ee7-23ef-40a3-84f9-e49b2a1998f3,2025-02-19 21:47:51,2318.56,307.78,WeChat Pay,cancelled,浙江省,巢湖市,锡山,海口街u座,周畅,13155936469,dzhong@example.net,1,30.54,0.35,2025-03-09 22:52:47,"{'timestamp': '2025-03-05T06:54:47.639130', 'device_model': 'Samsung S23', 'os_version': 'Android 10', 'browser': 'Firefox', 'browser_version': '102.0.2220.76', 'ip_address': '156.188.235.148', 'user_agent': 'Firefox/102.0.2220.76'}"
dffc590f-3e0b-4ec5-b18f-f0c83a3c2b02,a0109a1f-a7a9-4086-b0bb-38746055abd0,2025-02-27 12:21:19,3435.04,267.46,Credit Card,completed,广东省,娜市,静安,刘街Q座,陈博,13537145480,guiyingqian@example.com,3,30.24,10.94,2025-03-06 15:32:48,"{'timestamp': '2025-03-05T06:54:47.639218', 'device_model': 'Samsung S23', 'os_version': 'Android 13', 'browser': 'Chrome', 'browser_version': '107.0.4637.61', 'ip_address': '165.45.18.93', 'user_agent': 'Chrome/107.0.4637.61'}"
69fa8a2d-7b7f-4dab-a9c9-505e35fa4f30,cc3d6c88-d543-4736-8314-bd84e30ea2b5,2025-02-19 11:54:22,6120.39,272.1,Alipay,paid,江苏省,宇市,吉区,王路m座,林娜,15118570764,jing81@example.net,2,43.32,96.99,2025-03-08 10:32:10,"{'timestamp': '2025-03-05T06:54:47.639309', 'device_model': 'Samsung S23 Ultra', 'os_version': 'Android 11', 'browser': 'Chrome', 'browser_version': '93.0.8421.95', 'ip_address': '208.230.113.185', 'user_agent': 'Chrome/93.0.8421.95'}"
1f886cd5-f32e-4f03-9893-7d4b8a149968,0942935b-39f7-4b1f-88ed-86b203d714e1,2025-02-10 13:59:52,7327.63,104.15,WeChat Pay,completed,浙江省,乌鲁木齐市,清城,钟街h座,胡龙,13324558626,kzhong@example.com,7,48.67,86.07,2025-03-10 15:22:10,"{'timestamp': '2025-03-05T06:54:47.639390', 'device_model': 'OPPO Find X6', 'os_version': 'Android 10', 'browser': 'Safari', 'browser_version': '90.0.7349.54', 'ip_address': '76.166.181.244', 'user_agent': 'Safari/90.0.7349.54'}"
6eed6df0-2a08-46c8-b3e2-4ff32b9f38cc,158cf181-2389-4971-9d81-0f4d20d6c72e,2025-02-24 02:46:35,1068.12,409.8,WeChat Pay,pending,北京市,文市,城东,南宁路t座,许雪,15927200246,xiuyingqiu@example.net,2,40.29,89.38,2025-03-11 08:32:55,"{'timestamp': '2025-03-05T06:54:47.639471', 'device_model': 'Huawei P60', 'os_version': 'Android 12', 'browser': 'Firefox', 'browser_version': '112.0.8067.66', 'ip_address': '168.60.196.70', 'user_agent': 'Firefox/112.0.8067.66'}"
e1c8d428-0859-4f4c-a489-12bd378daa7b,92885b00-5937-4930-a1f2-39c5484b8c97,2025-02-04 14:49:43,2004.4,453.11,Alipay,cancelled,辽宁省,沈阳市,沈河,银川路O座,王波,15621615566,ehu@example.org,10,36.5,17.81,2025-03-12 05:24:55,"{'timestamp': '2025-03-05T06:54:47.639572', 'device_model': 'iPhone 15', 'os_version': 'iOS 14', 'browser': 'Firefox', 'browser_version': '98.0.9241.59', 'ip_address': '31.191.33.191', 'user_agent': 'Firefox/98.0.9241.59'}"
c5208afd-113d-4752-ad24-6bb5909611fe,1386d9fa-8305-43f3-99c2-fb022b4685b3,2025-02-27 20:57:11,3751.49,336.87,Alipay,cancelled,内蒙古自治区,巢湖县,平山,班路y座,马淑珍,14594606746,leiyao@example.org,5,20.03,89.44,2025-03-06 05:37:12,"{'timestamp': '2025-03-05T06:54:47.639672', 'device_model': 'iPhone 14 Pro', 'os_version': 'iOS 16', 'browser': 'Firefox', 'browser_version': '94.0.5624.51', 'ip_address': '196.170.48.139', 'user_agent': 'Firefox/94.0.5624.51'}"
852c7e05-8e57-4a7d-8fd5-1b1c88e5d1c0,3a6c570b-237e-4204-95bf-a5998319cd19,2025-02-22 19:47:38,4735.7,310.44,Debit Card,completed,河南省,平县,萧山,海门街s座,田小红,15612411206,nchang@example.com,10,23.75,38.09,2025-03-11 03:08:36,"{'timestamp': '2025-03-05T06:54:47.639757', 'device_model': 'Samsung S23 Ultra', 'os_version': 'Android 14', 'browser': 'Safari', 'browser_version': '99.0.1096.10', 'ip_address': '52.126.126.82', 'user_agent': 'Safari/99.0.1096.10'}"
9bc71d46-d2d0-4006-8aa8-98819617217c,80f6521a-2b8c-4be7-b199-dc4688aee4d4,2025-02-18 10:15:30,9068.08,98.03,WeChat Pay,pending,河南省,上海市,上街,薛路E座,黄凤兰,14568535736,eyi@example.com,6,15.3,18.23,2025-03-11 01:51:00,"{'timestamp': '2025-03-05T06:54:47.639837', 'device_model': 'Samsung S23 Ultra', 'os_version': 'Android 14', 'browser': 'Chrome', 'browser_version': '101.0.6229.46', 'ip_address': '222.200.179.148', 'user_agent': 'Chrome/101.0.6229.46'}"
1d248024-8949-4779-b2a3-57cd658a0861,1f7af63e-9fdb-45c4-8f20-f91dccea52e8,2025-03-04 22:18:54,4221.4,378.02,Alipay,cancelled,陕西省,太原市,清城,张路A座,黄宁,18017074252,jing38@example.org,1,15.0,72.22,2025-03-07 04:54:08,"{'timestamp': '2025-03-05T06:54:47.639919', 'device_model': 'iPhone 15', 'os_version': 'iOS 17', 'browser': 'Safari', 'browser_version': '95.0.7650.92', 'ip_address': '87.233.209.203', 'user_agent': 'Safari/95.0.7650.92'}"
f4539154-02c9-40a9-a4d3-5656615525bb,d419217b-b48e-4a97-92a2-2e14da3a947d,2025-02-13 06:23:39,1094.52,373.31,Credit Card,refunded,四川省,勇市,崇文,纪街M座,吴欣,13017010173,mingcai@example.com,4,10.14,22.81,2025-03-09 18:26:40,"{'timestamp': '2025-03-05T06:54:47.640012', 'device_model': 'iPhone 15', 'os_version': 'iOS 16', 'browser': 'Safari', 'browser_version': '88.0.4599.15', 'ip_address': '89.125.254.234', 'user_agent': 'Safari/88.0.4599.15'}"
8527bcc8-2e09-43fe-863b-ae46f6c24aa1,ea1f72fe-d63e-4ab6-ba1e-43aac8f4e09b,2025-02-25 05:59:16,4403.96,444.12,Alipay,refunded,香港特别行政区,桂香县,双滦,徐路z座,郑宁,13976448573,gonglei@example.com,4,32.52,9.45,2025-03-11 02:51:47,"{'timestamp': '2025-03-05T06:54:47.640092', 'device_model': 'Huawei P60', 'os_version': 'Android 11', 'browser': 'Chrome', 'browser_version': '91.0.9211.39', 'ip_address': '117.127.236.140', 'user_agent': 'Chrome/91.0.9211.39'}"
43bc1cb0-d449-4e24-a8be-34cb5572ac26,4c61ac47-3ab7-45ee-ae0e-cf3c4a76ef14,2025-02-12 18:59:11,3732.52,202.15,Alipay,paid,西藏自治区,东市,长寿,任街z座,柏红,13272031962,gangdu@example.org,9,0.98,36.51,2025-03-05 07:36:56,"{'timestamp': '2025-03-05T06:54:47.640161', 'device_model': 'OPPO Find X6', 'os_version': 'Android 14', 'browser': 'Firefox', 'browser_version': '94.0.6633.12', 'ip_address': '175.240.82.221', 'user_agent': 'Firefox/94.0.6633.12'}"
976063bc-b01a-43ab-99ad-f5cc9aa017ae,359700d0-9b6e-4eb0-9808-7a60c6bbf5f5,2025-02-13 15:08:00,4208.55,433.88,WeChat Pay,completed,河南省,长春县,怀柔,合山街L座,罗英,15533722161,mingjia@example.net,9,12.58,35.87,2025-03-10 04:04:31,"{'timestamp': '2025-03-05T06:54:47.640233', 'device_model': 'vivo X100', 'os_version': 'Android 11', 'browser': 'Firefox', 'browser_version': '95.0.5079.72', 'ip_address': '208.96.83.121', 'user_agent': 'Firefox/95.0.5079.72'}"
8c5d96a4-0583-4243-a719-03025a35fadf,3c553c85-5f7a-4e5f-b1bd-c8af94e110a6,2025-02-17 16:27:48,8776.43,32.31,Alipay,cancelled,黑龙江省,柳市,白云,郑州路V座,冯秀英,18595267980,clai@example.com,7,25.05,59.51,2025-03-05 18:20:50,"{'timestamp': '2025-03-05T06:54:47.640309', 'device_model': 'iPhone 14 Pro', 'os_version': 'iOS 15', 'browser': 'Firefox', 'browser_version': '93.0.8298.76', 'ip_address': '222.68.223.8', 'user_agent': 'Firefox/93.0.8298.76'}"
2bc7cdcc-85ed-43a7-8727-3acc16b8d4c4,070baced-6459-4401-b01e-f2eb161a3ffd,2025-02-21 03:59:33,1407.93,335.45,Credit Card,cancelled,台湾省,荣县,魏都,广州路J座,王云,13641697314,lpan@example.org,10,27.38,73.71,2025-03-05 08:51:59,"{'timestamp': '2025-03-05T06:54:47.640390', 'device_model': 'Samsung S23', 'os_version': 'Android 11', 'browser': 'Firefox', 'browser_version': '114.0.2272.95', 'ip_address': '192.193.253.95', 'user_agent': 'Firefox/114.0.2272.95'}"
b4a61d0e-ce0c-481a-a528-bd08d0a14c0b,a7b90587-a96f-4e71-94f3-4e297b3e5933,2025-02-13 14:43:21,8369.33,289.71,Credit Card,pending,湖北省,长春县,魏都,澳门街E座,崔丽,15079376398,sungang@example.com,9,46.45,46.4,2025-03-09 19:41:15,"{'timestamp': '2025-03-05T06:54:47.640472', 'device_model': 'iPhone 15 Pro', 'os_version': 'iOS 17', 'browser': 'Chrome', 'browser_version': '114.0.3554.62', 'ip_address': '59.125.160.16', 'user_agent': 'Chrome/114.0.3554.62'}"
43e97463-17af-4722-a974-ef8607c32ef6,b41981cf-2823-44bc-bb91-466c56df046a,2025-02-24 00:22:02,8694.11,339.85,WeChat Pay,paid,山西省,淑华市,东城,杭州街C座,马秀梅,18518184447,yqin@example.com,7,29.08,69.45,2025-03-08 15:15:09,"{'timestamp': '2025-03-05T06:54:47.640553', 'device_model': 'OPPO Find X6', 'os_version': 'Android 12', 'browser': 'Firefox', 'browser_version': '81.0.4584.43', 'ip_address': '150.51.31.86', 'user_agent': 'Firefox/81.0.4584.43'}"
1227d188-4a10-4342-ab99-331e823232dd,0423c6c2-7e97-41d1-92aa-4329d4c0e221,2025-02-22 18:55:25,8955.35,70.13,Credit Card,paid,天津市,欢县,沙市,滕路o座,张云,13595026796,guiyingzhou@example.net,1,25.31,30.19,2025-03-08 10:33:39,"{'timestamp': '2025-03-05T06:54:47.640633', 'device_model': 'iPhone 14 Pro', 'os_version': 'iOS 15', 'browser': 'Firefox', 'browser_version': '117.0.7102.62', 'ip_address': '7.243.48.207', 'user_agent': 'Firefox/117.0.7102.62'}"
7d39ba9c-8d15-477e-9de7-1bd2d66525ff,6a2686c1-b903-4d22-9104-3e92020d2036,2025-02-27 17:22:11,1917.92,11.82,WeChat Pay,refunded,天津市,欣县,吉区,罗路K座,陈淑华,18061901870,na04@example.org,7,24.08,48.84,2025-03-07 06:25:21,"{'timestamp': '2025-03-05T06:54:47.640724', 'device_model': 'Samsung S23', 'os_version': 'Android 13', 'browser': 'Firefox', 'browser_version': '114.0.7415.10', 'ip_address': '70.45.55.77', 'user_agent': 'Firefox/114.0.7415.10'}"
45b8eda0-d9af-461c-813b-fd83ec2084a8,844a2d1f-08e4-49e3-a2e7-f5dc50c64f92,2025-02-25 18:06:51,9136.27,291.86,Alipay,pending,河北省,沈阳县,高港,永安街Q座,孙秀珍,14532201338,yanye@example.net,3,0.79,94.05,2025-03-07 04:20:04,"{'timestamp': '2025-03-05T06:54:47.640818', 'device_model': 'iPhone 14', 'os_version': 'iOS 14', 'browser': 'Safari', 'browser_version': '109.0.1014.48', 'ip_address': '114.139.10.209', 'user_agent': 'Safari/109.0.1014.48'}"
80fa8fc5-fd03-4e4f-b427-8db5a5754425,d875e3d5-6564-40f9-a43b-f368eda83a3e,2025-02-04 12:42:43,1131.42,27.46,Alipay,completed,河北省,澳门县,城东,戴路H座,姚鹏,13622830395,xiuyingpan@example.net,7,41.15,2.35,2025-03-07 21:48:59,"{'timestamp': '2025-03-05T06:54:47.640897', 'device_model': 'iPhone 14', 'os_version': 'iOS 17', 'browser': 'Safari', 'browser_version': '94.0.6562.71', 'ip_address': '38.209.239.235', 'user_agent': 'Safari/94.0.6562.71'}"
b6a4652b-5c19-4e56-a0e7-e25ce4e6fce4,8652f0cd-b8f2-41b6-8a99-7e0a0bd4e501,2025-02-13 23:16:20,9070.25,135.5,Credit Card,paid,海南省,畅县,南湖,周路o座,余桂兰,13720403284,longna@example.net,1,14.31,40.17,2025-03-10 11:24:29,"{'timestamp': '2025-03-05T06:54:47.640975', 'device_model': 'iPhone 14', 'os_version': 'iOS 14', 'browser': 'Firefox', 'browser_version': '100.0.7023.29', 'ip_address': '124.138.215.28', 'user_agent': 'Firefox/100.0.7023.29'}"
f096a4a9-9c1d-4a3c-bde4-7a98b6d39128,a8f53331-e1d9-4b0a-b5e1-9a9ee075f322,2025-02-03 18:59:38,2965.96,150.19,WeChat Pay,completed,湖北省,俊市,金平,吴街l座,李峰,15600093190,oduan@example.org,4,6.77,65.19,2025-03-09 05:53:28,"{'timestamp': '2025-03-05T06:54:47.641056', 'device_model': 'OPPO Find X6', 'os_version': 'Android 12', 'browser': 'Chrome', 'browser_version': '119.0.8091.51', 'ip_address': '118.185.162.118', 'user_agent': 'Chrome/119.0.8091.51'}"
edd6902a-4900-4d0c-8cbb-bd6e14d1b7e1,069d41be-2bab-4346-b4ba-e83bd469d2a6,2025-02-10 12:23:06,5232.87,438.87,Credit Card,pending,广东省,春梅县,魏都,杭州路e座,文佳,13964938267,tao01@example.com,7,36.25,58.77,2025-03-11 16:57:30,"{'timestamp': '2025-03-05T06:54:47.641149', 'device_model': 'OPPO Find X6', 'os_version': 'Android 10', 'browser': 'Firefox', 'browser_version': '118.0.4944.33', 'ip_address': '184.124.13.104', 'user_agent': 'Firefox/118.0.4944.33'}"
9760cf36-7932-4476-9652-626fa6aabc80,ae3c1522-41f7-44c0-8edb-c531a8f2e96a,2025-02-05 21:59:00,2833.99,293.76,Debit Card,cancelled,天津市,南京县,山亭,陈路l座,严玉英,15185732408,nhan@example.net,6,35.02,44.85,2025-03-10 10:48:59,"{'timestamp': '2025-03-05T06:54:47.641243', 'device_model': 'Huawei P60', 'os_version': 'Android 11', 'browser': 'Chrome', 'browser_version': '101.0.3677.71', 'ip_address': '143.95.93.51', 'user_agent': 'Chrome/101.0.3677.71'}"
1729d3e9-866f-4e46-b289-7c685fb147d4,7ca5a7c8-b3c1-47b8-851e-9c1f571c5a8b,2025-02-26 04:57:41,6913.4,143.45,Debit Card,cancelled,重庆市,云市,白云,郭街G座,周秀英,13859574608,qiang40@example.net,6,12.4,16.54,2025-03-11 11:15:50,"{'timestamp': '2025-03-05T06:54:47.641329', 'device_model': 'Samsung S23 Ultra', 'os_version': 'Android 14', 'browser': 'Safari', 'browser_version': '84.0.7534.15', 'ip_address': '216.123.241.93', 'user_agent': 'Safari/84.0.7534.15'}"
c741d57c-3353-4a0c-b8da-21657e7c996d,13b71fed-eb39-4c35-b469-4dafda646ff7,2025-02-13 13:22:14,5713.28,57.88,Debit Card,paid,吉林省,成都县,梁平,东莞路J座,黄娟,15800350650,gyan@example.org,6,17.53,77.25,2025-03-08 00:44:47,"{'timestamp': '2025-03-05T06:54:47.641409', 'device_model': 'Samsung S23', 'os_version': 'Android 11', 'browser': 'Chrome', 'browser_version': '98.0.8068.80', 'ip_address': '65.113.168.3', 'user_agent': 'Chrome/98.0.8068.80'}"
57e6fd89-4714-467a-aac4-670f88ba2388,701e8e9a-e5dd-4cac-9843-db166212c6be,2025-02-25 03:06:48,8986.4,271.37,WeChat Pay,cancelled,甘肃省,霞市,西峰,兴安盟街C座,贾阳,18197030262,chaohan@example.org,10,27.38,60.68,2025-03-05 08:14:47,"{'timestamp': '2025-03-05T06:54:47.641504', 'device_model': 'vivo X100', 'os_version': 'Android 13', 'browser': 'Safari', 'browser_version': '119.0.9969.54', 'ip_address': '15.190.89.65', 'user_agent': 'Safari/119.0.9969.54'}"
18f66c04-7150-4d9f-9764-0bdbded1d95d,d2a2a3ec-7c4f-4d75-af89-8d801c11deb8,2025-02-21 14:08:55,8330.39,383.99,Alipay,refunded,广西壮族自治区,成都市,高明,康路k座,杨丽华,13569632805,xia61@example.net,3,42.23,99.71,2025-03-11 14:19:25,"{'timestamp': '2025-03-05T06:54:47.641595', 'device_model': 'Samsung S23', 'os_version': 'Android 12', 'browser': 'Firefox', 'browser_version': '109.0.5368.43', 'ip_address': '117.117.86.65', 'user_agent': 'Firefox/109.0.5368.43'}"
47ac443b-1851-4528-85dc-fb0483e1cb0d,1ecdfaef-d6a9-422b-a225-13735548d3a3,2025-03-04 08:46:34,6568.82,252.04,WeChat Pay,completed,重庆市,辽阳县,东城,梅路F座,谭辉,15777572456,pinggong@example.org,10,22.21,42.87,2025-03-12 06:34:33,"{'timestamp': '2025-03-05T06:54:47.641680', 'device_model': 'iPhone 14', 'os_version': 'iOS 16', 'browser': 'Firefox', 'browser_version': '89.0.2192.47', 'ip_address': '97.13.166.239', 'user_agent': 'Firefox/89.0.2192.47'}"
3f8bf5ce-7320-4853-a0a6-7f9b9d0fcf85,c4db58ce-5db4-4e90-ae8b-066b608e5ffe,2025-02-28 19:13:13,2955.04,459.29,Credit Card,paid,内蒙古自治区,通辽市,六枝特,沈阳路G座,张兵,18235958968,ping08@example.org,9,0.34,55.96,2025-03-07 18:46:32,"{'timestamp': '2025-03-05T06:54:47.641765', 'device_model': 'Xiaomi 14', 'os_version': 'Android 10', 'browser': 'Safari', 'browser_version': '84.0.8488.43', 'ip_address': '183.205.178.74', 'user_agent': 'Safari/84.0.8488.43'}"
9b366f0a-dff4-4fff-8a65-251adf671a1a,37cf4851-2adf-44d9-84c2-0ac725e2dfc9,2025-02-06 19:15:22,4905.86,146.59,Alipay,paid,新疆维吾尔自治区,武汉市,房山,石路e座,张帅,15942625661,weiyan@example.net,6,24.61,57.71,2025-03-07 06:07:36,"{'timestamp': '2025-03-05T06:54:47.641849', 'device_model': 'Xiaomi 14', 'os_version': 'Android 14', 'browser': 'Chrome', 'browser_version': '88.0.8488.97', 'ip_address': '211.143.96.177', 'user_agent': 'Chrome/88.0.8488.97'}"
d567c37f-1ac3-403b-981a-efdca435aeca,ed587180-404c-45ee-bccc-6b4298c7a543,2025-02-19 01:15:34,2726.92,224.54,Credit Card,paid,上海市,惠州市,东城,南京路I座,陈桂珍,15191357760,gliu@example.net,8,48.89,60.21,2025-03-08 04:23:04,"{'timestamp': '2025-03-05T06:54:47.641946', 'device_model': 'OPPO Find X6', 'os_version': 'Android 10', 'browser': 'Firefox', 'browser_version': '117.0.1407.84', 'ip_address': '96.192.27.50', 'user_agent': 'Firefox/117.0.1407.84'}"
0d7c2d05-5d27-4649-bb63-02fb0cd75818,44584301-a8f3-4d14-8ef0-e13b18c11f3e,2025-02-07 01:00:52,2611.78,373.76,WeChat Pay,paid,重庆市,辛集市,沈河,熊街V座,吴婷,13988444014,gangwang@example.org,2,31.2,96.92,2025-03-07 00:27:44,"{'timestamp': '2025-03-05T06:54:47.642032', 'device_model': 'Huawei P60', 'os_version': 'Android 11', 'browser': 'Chrome', 'browser_version': '109.0.5514.70', 'ip_address': '67.99.250.25', 'user_agent': 'Chrome/109.0.5514.70'}"
753abb3e-c6d4-46fa-9156-14e1526454c7,ad4e2b73-c2f0-47c8-b493-aab6b7d6c678,2025-02-08 20:58:31,1067.11,420.06,Debit Card,cancelled,山西省,海门市,秀英,济南街y座,毕楠,13132595077,xsun@example.net,9,7.09,53.03,2025-03-07 14:36:50,"{'timestamp': '2025-03-05T06:54:47.642117', 'device_model': 'OPPO Find X6', 'os_version': 'Android 10', 'browser': 'Safari', 'browser_version': '117.0.9593.18', 'ip_address': '69.87.78.147', 'user_agent': 'Safari/117.0.9593.18'}"
e41789fc-7caa-4a9f-af2f-c1c3312d3045,9449ab84-742d-4c19-bfa9-c592058785c8,2025-02-12 06:57:26,7522.06,315.37,Debit Card,refunded,内蒙古自治区,欢县,涪城,济南路w座,郭红,14528498501,juan08@example.org,3,19.22,32.77,2025-03-10 09:34:06,"{'timestamp': '2025-03-05T06:54:47.642191', 'device_model': 'Samsung S23 Ultra', 'os_version': 'Android 10', 'browser': 'Firefox', 'browser_version': '101.0.9966.76', 'ip_address': '208.41.146.238', 'user_agent': 'Firefox/101.0.9966.76'}"
3f1369b1-0117-4c33-a4d8-a4464fb6521b,32e98250-d184-4b98-8930-f1ed5797195d,2025-02-17 00:32:05,4469.39,135.0,Debit Card,paid,甘肃省,洋市,山亭,银川路N座,王荣,18562011225,zsun@example.net,9,29.19,44.01,2025-03-06 05:17:23,"{'timestamp': '2025-03-05T06:54:47.642264', 'device_model': 'iPhone 15 Pro', 'os_version': 'iOS 14', 'browser': 'Chrome', 'browser_version': '106.0.9219.34', 'ip_address': '183.196.110.208', 'user_agent': 'Chrome/106.0.9219.34'}"
b4b3414d-7d4a-420b-83b5-b5371f9ec141,78dd0391-4c0b-4b23-acfb-fab5773e4d53,2025-02-13 00:42:19,2587.95,143.15,WeChat Pay,completed,黑龙江省,霞市,沙湾,佛山街o座,王娟,15058814562,gang43@example.net,8,48.88,52.12,2025-03-10 13:59:30,"{'timestamp': '2025-03-05T06:54:47.642326', 'device_model': 'iPhone 15', 'os_version': 'iOS 14', 'browser': 'Firefox', 'browser_version': '117.0.6249.57', 'ip_address': '40.64.221.52', 'user_agent': 'Firefox/117.0.6249.57'}"
75c7cdbf-98df-4e98-8314-7b29297ce273,3b6cc2b4-c582-49c5-9661-f85162d03258,2025-02-18 06:16:41,1755.1,139.87,Alipay,refunded,广东省,南京县,沙湾,田路K座,陈斌,13578936077,guiyingshi@example.org,8,42.98,46.68,2025-03-08 07:14:22,"{'timestamp': '2025-03-05T06:54:47.642388', 'device_model': 'Samsung S23', 'os_version': 'Android 10', 'browser': 'Safari', 'browser_version': '111.0.6824.34', 'ip_address': '30.65.217.77', 'user_agent': 'Safari/111.0.6824.34'}"
403a8cf1-f727-4411-a555-7e3eb71f7b34,80092b12-4e7f-412d-b0fd-14e394378c8e,2025-02-03 09:33:14,5579.04,295.75,Debit Card,paid,四川省,六安市,高坪,乔路C座,李娜,14577476055,xia25@example.org,10,34.37,37.92,2025-03-09 20:52:16,"{'timestamp': '2025-03-05T06:54:47.642449', 'device_model': 'OPPO Find X6', 'os_version': 'Android 13', 'browser': 'Firefox', 'browser_version': '87.0.9086.12', 'ip_address': '128.31.65.85', 'user_agent': 'Firefox/87.0.9086.12'}"
84a9bdb0-0381-4a4f-a22b-e7a70861453a,11945e4d-dfa9-48c4-badc-190da839bdea,2025-02-04 17:19:12,3073.19,262.2,Alipay,completed,河南省,彬市,魏都,王街z座,耿洁,18583570362,qiang05@example.com,6,11.78,19.32,2025-03-12 01:26:20,"{'timestamp': '2025-03-05T06:54:47.642509', 'device_model': 'iPhone 14', 'os_version': 'iOS 14', 'browser': 'Chrome', 'browser_version': '110.0.5002.85', 'ip_address': '14.30.70.116', 'user_agent': 'Chrome/110.0.5002.85'}"
8fe8a0dd-cbe0-4864-80a6-43987e349f10,7b88d550-c537-4d5e-8db2-2e36aa4c4d45,2025-02-16 06:21:42,4643.53,310.74,WeChat Pay,paid,广东省,宁德市,白云,合山路h座,王洁,14736097034,li35@example.org,1,10.28,10.68,2025-03-09 09:13:37,"{'timestamp': '2025-03-05T06:54:47.642577', 'device_model': 'Samsung S23 Ultra', 'os_version': 'Android 13', 'browser': 'Safari', 'browser_version': '89.0.6857.12', 'ip_address': '69.77.14.250', 'user_agent': 'Safari/89.0.6857.12'}"
53a5617a-ec33-4002-8cf6-836d003d722f,53328037-8899-4cd2-8669-ba8f1600ccc8,2025-02-16 01:25:46,6148.15,61.05,Debit Card,pending,辽宁省,深圳县,安次,辛集街P座,钱阳,18819831592,yaoyong@example.com,10,19.81,17.61,2025-03-09 06:56:05,"{'timestamp': '2025-03-05T06:54:47.642663', 'device_model': 'vivo X100', 'os_version': 'Android 10', 'browser': 'Firefox', 'browser_version': '89.0.6244.13', 'ip_address': '78.80.232.113', 'user_agent': 'Firefox/89.0.6244.13'}"
d060b265-b5e6-436c-ac58-d3dbb3122168,c15bf34d-a9d9-4bb4-9c09-f100e2739770,2025-02-07 23:44:38,5152.43,494.24,Alipay,cancelled,吉林省,郑州市,双滦,石家庄路o座,司梅,14580613349,jiegao@example.net,10,37.99,24.82,2025-03-06 09:27:08,"{'timestamp': '2025-03-05T06:54:47.642761', 'device_model': 'Huawei P60', 'os_version': 'Android 12', 'browser': 'Firefox', 'browser_version': '109.0.5705.36', 'ip_address': '60.108.28.240', 'user_agent': 'Firefox/109.0.5705.36'}"
63d661b5-2efe-46b7-8d76-9c90396ae6ba,09d58831-7052-4710-9609-5382a9ccc4f2,2025-02-10 23:20:42,4029.41,71.04,Debit Card,paid,甘肃省,乌鲁木齐县,清河,杨街C座,李健,18756974347,kkong@example.net,9,31.43,31.53,2025-03-09 02:56:45,"{'timestamp': '2025-03-05T06:54:47.642845', 'device_model': 'Xiaomi 14', 'os_version': 'Android 11', 'browser': 'Firefox', 'browser_version': '81.0.7068.88', 'ip_address': '156.253.240.21', 'user_agent': 'Firefox/81.0.7068.88'}"
ff24068f-2543-4515-9897-eb657b4c9d57,f985cb5f-3c40-4d31-917e-f5c3c4215614,2025-02-09 08:03:38,2490.17,417.83,Credit Card,paid,香港特别行政区,哈尔滨县,孝南,齐齐哈尔街q座,曹楠,13412010972,yang93@example.net,9,25.96,93.08,2025-03-07 12:37:26,"{'timestamp': '2025-03-05T06:54:47.642926', 'device_model': 'iPhone 14 Pro', 'os_version': 'iOS 15', 'browser': 'Chrome', 'browser_version': '95.0.9926.17', 'ip_address': '138.173.80.58', 'user_agent': 'Chrome/95.0.9926.17'}"
cda88cab-d87c-47fe-95ba-30739a5da417,a126d82d-78a4-4453-8270-eedd3cee9b0f,2025-02-10 15:18:12,2918.52,418.28,Debit Card,cancelled,湖南省,西宁县,金平,罗路u座,陈燕,14726279516,hujing@example.org,9,1.3,18.7,2025-03-06 16:34:41,"{'timestamp': '2025-03-05T06:54:47.643019', 'device_model': 'iPhone 15', 'os_version': 'iOS 16', 'browser': 'Firefox', 'browser_version': '108.0.7262.69', 'ip_address': '89.181.118.168', 'user_agent': 'Firefox/108.0.7262.69'}"
48b83ab1-9529-42a1-9bda-b0641d9ee0a8,f65028d8-f357-4c59-bbac-e970a62b11c7,2025-02-08 06:44:37,4248.26,437.06,Alipay,refunded,香港特别行政区,长春市,六枝特,张家港路w座,王璐,15146609882,xia52@example.com,2,2.19,62.02,2025-03-06 20:49:46,"{'timestamp': '2025-03-05T06:54:47.643101', 'device_model': 'Samsung S23', 'os_version': 'Android 12', 'browser': 'Chrome', 'browser_version': '120.0.4367.54', 'ip_address': '135.142.242.145', 'user_agent': 'Chrome/120.0.4367.54'}"
b909153a-2eae-4df3-84db-3eb511f31ea6,dbaa6f09-dabb-4d31-acce-9bb09d9a93dd,2025-02-06 17:17:43,372.89,390.06,Debit Card,completed,山东省,淑英市,沙湾,朱街D座,郑峰,13160836542,xiagu@example.com,3,7.25,31.89,2025-03-11 08:46:25,"{'timestamp': '2025-03-05T06:54:47.643194', 'device_model': 'OPPO Find X6', 'os_version': 'Android 11', 'browser': 'Firefox', 'browser_version': '101.0.1544.93', 'ip_address': '85.190.6.173', 'user_agent': 'Firefox/101.0.1544.93'}"
acdcc4b7-372a-46f2-8c70-b7030c63e9f0,7ee68c26-b6c9-461c-8779-4918e655e8aa,2025-02-05 06:37:42,5537.04,352.14,Debit Card,refunded,湖南省,丽丽县,山亭,曾街E座,孔秀兰,15594319662,wchang@example.org,10,48.6,94.65,2025-03-10 11:22:45,"{'timestamp': '2025-03-05T06:54:47.643280', 'device_model': 'Samsung S23', 'os_version': 'Android 13', 'browser': 'Safari', 'browser_version': '116.0.3134.63', 'ip_address': '131.162.33.246', 'user_agent': 'Safari/116.0.3134.63'}"
94f470c0-0c0e-4e3c-afce-be6f260f4a95,bf49bc54-1ca1-4a4e-8281-cb6c87b494d2,2025-02-13 16:53:17,1793.74,459.32,Alipay,refunded,北京市,雪梅县,西峰,乔路t座,刘红梅,14573849487,chaofan@example.com,9,36.0,24.11,2025-03-07 13:18:50,"{'timestamp': '2025-03-05T06:54:47.643366', 'device_model': 'Samsung S23 Ultra', 'os_version': 'Android 11', 'browser': 'Safari', 'browser_version': '93.0.1110.92', 'ip_address': '7.252.55.121', 'user_agent': 'Safari/93.0.1110.92'}"
11554d8c-0416-4832-bcbc-e0e66c187041,268c124f-f3d9-40ab-831e-601c847c55ce,2025-02-18 16:40:24,7227.51,11.28,WeChat Pay,refunded,安徽省,丹丹市,长寿,佛山路n座,张秀荣,13483855490,nxu@example.org,4,24.98,53.53,2025-03-09 00:34:58,"{'timestamp': '2025-03-05T06:54:47.643447', 'device_model': 'OPPO Find X6', 'os_version': 'Android 14', 'browser': 'Safari', 'browser_version': '103.0.9614.96', 'ip_address': '164.175.197.94', 'user_agent': 'Safari/103.0.9614.96'}"
090cffbe-fff7-4f0c-9f44-93b95edff75b,ecbe6091-cb92-453e-b5f7-9baee45d5b72,2025-02-17 21:25:42,2392.24,483.87,Credit Card,cancelled,重庆市,浩市,高坪,马鞍山路n座,宋璐,14768490533,bhu@example.org,5,44.42,33.5,2025-03-05 10:04:36,"{'timestamp': '2025-03-05T06:54:47.643527', 'device_model': 'iPhone 14', 'os_version': 'iOS 16', 'browser': 'Firefox', 'browser_version': '96.0.8074.98', 'ip_address': '178.93.113.137', 'user_agent': 'Firefox/96.0.8074.98'}"
078a06c7-5047-42e7-a31c-d5ce5472dcc7,fe9b23f3-c6b3-4e8d-8f40-51540dfad644,2025-02-21 03:09:33,4267.33,65.44,Debit Card,cancelled,河南省,雪市,海陵,潮州街A座,何杨,18054867540,qyang@example.org,7,10.76,88.97,2025-03-05 17:38:18,"{'timestamp': '2025-03-05T06:54:47.643608', 'device_model': 'iPhone 15', 'os_version': 'iOS 15', 'browser': 'Firefox', 'browser_version': '95.0.5232.59', 'ip_address': '55.92.195.231', 'user_agent': 'Firefox/95.0.5232.59'}"
5aafa59e-005a-4add-98d1-e53dbeca6dfa,093ec997-e7bb-4fa1-8dd6-4bee2b45dc98,2025-02-15 11:15:48,9788.65,225.82,WeChat Pay,pending,云南省,琴县,长寿,刘路x座,董桂香,18909037236,qiujun@example.net,1,14.28,62.88,2025-03-10 11:26:43,"{'timestamp': '2025-03-05T06:54:47.643689', 'device_model': 'Samsung S23 Ultra', 'os_version': 'Android 13', 'browser': 'Firefox', 'browser_version': '120.0.3157.33', 'ip_address': '181.112.17.30', 'user_agent': 'Firefox/120.0.3157.33'}"
cbd5c682-53ff-4294-9dc7-5c29a9d622d7,3a015d73-e704-4fb5-8e88-fb56b0cd0bbf,2025-02-03 13:19:36,8683.07,499.13,Debit Card,cancelled,陕西省,北镇县,蓟州,薛街q座,李宇,15560242666,juanlei@example.org,8,28.44,93.45,2025-03-11 03:55:17,"{'timestamp': '2025-03-05T06:54:47.643781', 'device_model': 'vivo X100', 'os_version': 'Android 12', 'browser': 'Safari', 'browser_version': '109.0.6202.39', 'ip_address': '25.72.14.55', 'user_agent': 'Safari/109.0.6202.39'}"
00ab60d5-7dcb-49ac-91ff-00be33af4c0c,0acca0ea-c11b-49f2-9756-04dcfa9468dc,2025-02-12 19:57:43,1447.04,3.62,Debit Card,refunded,内蒙古自治区,武汉市,崇文,辛街w座,邓建平,15975379966,chaocui@example.com,9,48.17,47.34,2025-03-06 17:57:36,"{'timestamp': '2025-03-05T06:54:47.643862', 'device_model': 'Samsung S23', 'os_version': 'Android 12', 'browser': 'Chrome', 'browser_version': '103.0.5260.68', 'ip_address': '77.218.29.156', 'user_agent': 'Chrome/103.0.5260.68'}"
42798dc7-1f25-445b-b2f0-914001b1200c,0ed65736-3926-4f8b-9163-eccee7bf5a62,2025-02-20 00:22:50,529.88,344.39,Debit Card,refunded,香港特别行政区,想县,吉区,潜江街b座,姜岩,14705530663,tianyang@example.org,8,48.68,93.9,2025-03-08 15:14:19,"{'timestamp': '2025-03-05T06:54:47.643943', 'device_model': 'iPhone 15', 'os_version': 'iOS 14', 'browser': 'Firefox', 'browser_version': '99.0.6106.17', 'ip_address': '119.152.178.229', 'user_agent': 'Firefox/99.0.6106.17'}"
2130df4d-45ac-491d-bf41-24a5cefe75f9,d428d9a6-3f44-4277-b564-830e139b7d1e,2025-02-25 04:18:33,7562.61,54.65,WeChat Pay,pending,北京市,桂英市,沈河,詹街Y座,朱辉,18136737478,tangjing@example.org,4,24.25,51.67,2025-03-05 09:13:10,"{'timestamp': '2025-03-05T06:54:47.644033', 'device_model': 'OPPO Find X6', 'os_version': 'Android 13', 'browser': 'Firefox', 'browser_version': '116.0.7477.86', 'ip_address': '144.238.77.101', 'user_agent': 'Firefox/116.0.7477.86'}"
1a9db6eb-e18a-4783-b186-3c78af34e00c,96572285-459b-4321-ab06-216bd76ec2f1,2025-02-11 11:47:23,7416.36,23.22,Credit Card,cancelled,山西省,太原市,花溪,王街h座,陈志强,14791073439,gkong@example.com,4,7.97,28.61,2025-03-06 14:34:30,"{'timestamp': '2025-03-05T06:54:47.644125', 'device_model': 'iPhone 14', 'os_version': 'iOS 16', 'browser': 'Safari', 'browser_version': '100.0.8760.20', 'ip_address': '178.189.7.160', 'user_agent': 'Safari/100.0.8760.20'}"
e3be6b1b-3daa-4d5b-a040-a9d097b598f6,9ac2181d-c213-439a-82be-ec89b5ef569a,2025-02-13 23:03:51,9259.67,36.43,Alipay,refunded,河北省,欢市,朝阳,北京街w座,贾淑兰,18724109746,jing72@example.com,7,40.59,58.68,2025-03-09 07:27:27,"{'timestamp': '2025-03-05T06:54:47.650901', 'device_model': 'vivo X100', 'os_version': 'Android 12', 'browser': 'Chrome', 'browser_version': '87.0.7545.73', 'ip_address': '181.183.39.184', 'user_agent': 'Chrome/87.0.7545.73'}"
4ce40dd9-6fb6-45e9-9393-5a2cdeb12b26,dbfd2ba2-ca3a-4949-aabe-0596574cda77,2025-02-22 05:25:30,3955.21,338.56,WeChat Pay,refunded,台湾省,洁市,友好,余街m座,吴梅,13520763359,yqiu@example.com,3,8.54,94.08,2025-03-10 18:03:04,"{'timestamp': '2025-03-05T06:54:47.651097', 'device_model': 'iPhone 14 Pro', 'os_version': 'iOS 14', 'browser': 'Chrome', 'browser_version': '88.0.3420.88', 'ip_address': '60.17.132.70', 'user_agent': 'Chrome/88.0.3420.88'}"
490f5838-a9ce-4d5c-89f9-da503cccb6b9,a4138571-cd61-4314-8339-573374785a53,2025-02-25 02:16:35,1894.42,116.04,Alipay,pending,河南省,阜新县,璧山,荆门路c座,张桂兰,13729186680,jingshen@example.net,5,3.49,33.69,2025-03-06 20:34:25,"{'timestamp': '2025-03-05T06:54:47.651202', 'device_model': 'OPPO Find X6', 'os_version': 'Android 10', 'browser': 'Chrome', 'browser_version': '93.0.1803.83', 'ip_address': '40.173.215.96', 'user_agent': 'Chrome/93.0.1803.83'}"
a295596d-b0e4-496a-919a-cece7a8f586f,aa98531d-67df-42cc-acad-32ec6afd2d47,2025-02-13 01:22:57,6024.65,127.67,WeChat Pay,cancelled,陕西省,玉珍县,沙湾,广州街L座,邓秀华,18997599808,tangguiying@example.org,4,21.71,44.36,2025-03-07 13:25:08,"{'timestamp': '2025-03-05T06:54:47.651279', 'device_model': 'Huawei P60', 'os_version': 'Android 12', 'browser': 'Firefox', 'browser_version': '116.0.7451.39', 'ip_address': '137.229.77.185', 'user_agent': 'Firefox/116.0.7451.39'}"
bf0f1e2a-ebfc-47ca-9bd9-63507f354855,d6eac4b0-133e-4c31-ab0d-69baaec9445e,2025-02-14 13:23:23,498.59,350.1,Debit Card,paid,宁夏回族自治区,长沙县,安次,巢湖街i座,吴岩,15069351396,mingxiong@example.net,7,2.0,18.97,2025-03-06 04:14:41,"{'timestamp': '2025-03-05T06:54:47.651372', 'device_model': 'iPhone 15 Pro', 'os_version': 'iOS 16', 'browser': 'Chrome', 'browser_version': '101.0.7251.30', 'ip_address': '46.105.163.50', 'user_agent': 'Chrome/101.0.7251.30'}"
d83e0b3d-7807-4696-a92f-fb733f12cebf,27f754d2-008a-4b2a-8e5a-350ce65b4e61,2025-02-27 12:20:08,7023.98,63.16,Debit Card,refunded,黑龙江省,福州市,秀英,巢湖街U座,段健,18589303433,yong40@example.net,8,23.5,49.71,2025-03-10 05:38:23,"{'timestamp': '2025-03-05T06:54:47.651443', 'device_model': 'Huawei P60', 'os_version': 'Android 13', 'browser': 'Firefox', 'browser_version': '120.0.5947.94', 'ip_address': '89.102.138.254', 'user_agent': 'Firefox/120.0.5947.94'}"
e9b62f37-6c04-4ebc-b5df-ce36385fc892,d6282a37-5c1e-4aaf-b95f-f92c06c3e7d3,2025-02-09 20:45:36,5662.87,135.71,Alipay,completed,新疆维吾尔自治区,淑兰县,高明,赵街T座,萧秀华,15929316664,xiaoli@example.net,1,42.08,56.1,2025-03-08 02:36:11,"{'timestamp': '2025-03-05T06:54:47.651531', 'device_model': 'OPPO Find X6', 'os_version': 'Android 11', 'browser': 'Chrome', 'browser_version': '106.0.9724.89', 'ip_address': '118.127.171.32', 'user_agent': 'Chrome/106.0.9724.89'}"
dd97a61e-4e88-4282-bf5d-224267e9a49f,34d9ea42-f0ed-4634-9ac6-9cdd599d2f9f,2025-02-27 20:15:49,8996.27,438.89,Alipay,pending,西藏自治区,杭州市,高明,惠州路E座,潘淑英,15135545669,xguo@example.com,8,24.38,40.24,2025-03-12 04:35:58,"{'timestamp': '2025-03-05T06:54:47.651601', 'device_model': 'iPhone 14 Pro', 'os_version': 'iOS 17', 'browser': 'Firefox', 'browser_version': '113.0.7121.68', 'ip_address': '61.97.252.50', 'user_agent': 'Firefox/113.0.7121.68'}"
5b0935ff-8b47-461b-8bb7-0a08106787c6,51269688-f577-46a0-ad66-f11f8a59e015,2025-02-24 23:18:31,2041.0,284.5,WeChat Pay,cancelled,广西壮族自治区,丽娟市,安次,太原街G座,徐琴,13984066095,xiahan@example.org,10,21.0,77.44,2025-03-06 13:56:27,"{'timestamp': '2025-03-05T06:54:47.651676', 'device_model': 'Xiaomi 14', 'os_version': 'Android 12', 'browser': 'Chrome', 'browser_version': '97.0.7127.67', 'ip_address': '88.28.74.225', 'user_agent': 'Chrome/97.0.7127.67'}"
3fa7ec6b-59e9-4689-b662-e5a9f6a14d7c,42d76d5b-8c73-4637-aa58-edf633204511,2025-02-19 09:36:05,9439.59,481.82,WeChat Pay,refunded,新疆维吾尔自治区,永安县,平山,沈阳街A座,覃冬梅,18038095827,xia33@example.org,7,10.82,63.01,2025-03-11 06:57:12,"{'timestamp': '2025-03-05T06:54:47.651763', 'device_model': 'iPhone 15', 'os_version': 'iOS 17', 'browser': 'Firefox', 'browser_version': '118.0.3355.69', 'ip_address': '133.137.144.4', 'user_agent': 'Firefox/118.0.3355.69'}"
4bd2663c-ccf2-4cfe-8799-7a27e647e47a,f41d85cb-6da9-4e7a-8390-9d64b0c944cf,2025-02-26 13:41:06,6691.55,355.8,WeChat Pay,pending,江苏省,秀云县,萧山,杨路r座,张云,15185888906,yang67@example.org,9,11.79,22.63,2025-03-07 17:10:47,"{'timestamp': '2025-03-05T06:54:47.651851', 'device_model': 'Huawei P60', 'os_version': 'Android 12', 'browser': 'Chrome', 'browser_version': '118.0.2696.59', 'ip_address': '8.223.119.160', 'user_agent': 'Chrome/118.0.2696.59'}"
10ccc54f-bfe1-4ccb-9ea5-f96ffb6fb315,7b9729c5-cc25-49c3-be14-531c9fb8f661,2025-02-18 08:00:38,8499.27,375.5,WeChat Pay,completed,福建省,洋县,城东,刘街u座,陶桂兰,18786253995,yinxia@example.org,9,45.18,69.39,2025-03-08 03:13:29,"{'timestamp': '2025-03-05T06:54:47.651949', 'device_model': 'iPhone 14', 'os_version': 'iOS 16', 'browser': 'Chrome', 'browser_version': '114.0.3318.24', 'ip_address': '16.122.199.224', 'user_agent': 'Chrome/114.0.3318.24'}"
993bbb21-4832-4cff-af9a-079e14771ae8,0d689395-ecf4-47e1-9155-d2dfff9aefab,2025-02-21 01:30:47,2252.29,383.38,WeChat Pay,refunded,上海市,超市,永川,魏路S座,马春梅,18153525675,jiangjing@example.org,2,11.66,51.25,2025-03-07 03:07:25,"{'timestamp': '2025-03-05T06:54:47.652026', 'device_model': 'iPhone 15 Pro', 'os_version': 'iOS 15', 'browser': 'Chrome', 'browser_version': '111.0.6502.27', 'ip_address': '32.138.190.243', 'user_agent': 'Chrome/111.0.6502.27'}"
4c9c6144-0368-4927-8627-f73f44fc446c,daf44869-d9fb-4b08-a593-07a16596c9ef,2025-02-11 05:30:18,9142.27,182.0,Alipay,pending,陕西省,鑫县,花溪,金路W座,王龙,13285683855,li56@example.net,6,23.98,4.0,2025-03-06 19:04:02,"{'timestamp': '2025-03-05T06:54:47.652096', 'device_model': 'vivo X100', 'os_version': 'Android 12', 'browser': 'Chrome', 'browser_version': '99.0.2609.50', 'ip_address': '36.244.39.119', 'user_agent': 'Chrome/99.0.2609.50'}"
454d4274-f821-4bee-b27a-899cfed26df3,39879b37-92a9-4580-b68e-583a8c1c351a,2025-02-20 12:38:50,5572.99,372.08,Debit Card,cancelled,湖北省,香港县,清河,天津街u座,覃敏,13374642152,ryu@example.org,6,28.01,45.18,2025-03-12 00:47:23,"{'timestamp': '2025-03-05T06:54:47.652164', 'device_model': 'OPPO Find X6', 'os_version': 'Android 13', 'browser': 'Firefox', 'browser_version': '116.0.7669.51', 'ip_address': '27.254.109.191', 'user_agent': 'Firefox/116.0.7669.51'}"
9a569da6-9663-46bd-acaf-0aafb1501b5c,e60950e7-11dc-4046-9e76-0c37c22a4e7f,2025-02-11 09:02:44,5312.23,339.0,Credit Card,paid,陕西省,阜新市,城东,张家港路J座,冯鹏,13330306433,xuyang@example.org,1,12.91,51.99,2025-03-12 06:40:25,"{'timestamp': '2025-03-05T06:54:47.652234', 'device_model': 'iPhone 14 Pro', 'os_version': 'iOS 15', 'browser': 'Safari', 'browser_version': '89.0.2020.64', 'ip_address': '202.184.197.105', 'user_agent': 'Safari/89.0.2020.64'}"
3f1bc497-7524-46ee-a606-fd6e74c47bb9,a171b9f1-fd22-497f-8783-8111201001e2,2025-02-17 09:57:58,6732.73,199.98,Alipay,paid,海南省,沈阳市,滨城,郑街L座,秦海燕,18782847021,zhangyan@example.org,6,8.81,95.47,2025-03-10 10:17:41,"{'timestamp': '2025-03-05T06:54:47.652332', 'device_model': 'Huawei P60', 'os_version': 'Android 14', 'browser': 'Firefox', 'browser_version': '117.0.4512.64', 'ip_address': '197.220.255.191', 'user_agent': 'Firefox/117.0.4512.64'}"
ad0cfe71-2eb3-4ec7-a467-b3ab5a350928,5bcfb4c3-ba95-4893-9fd6-3a499098d344,2025-02-17 10:54:55,736.67,10.48,WeChat Pay,cancelled,重庆市,巢湖市,白云,海门路k座,庄红霞,15705813878,osun@example.org,4,18.64,14.24,2025-03-11 10:31:05,"{'timestamp': '2025-03-05T06:54:47.652435', 'device_model': 'Samsung S23 Ultra', 'os_version': 'Android 10', 'browser': 'Firefox', 'browser_version': '100.0.2119.48', 'ip_address': '215.64.58.141', 'user_agent': 'Firefox/100.0.2119.48'}"
0877c53c-91be-4539-8fe7-d353a784284f,5a388b85-a185-43eb-8899-19c4d9cbf411,2025-02-20 07:17:37,8983.32,485.97,WeChat Pay,cancelled,海南省,莹县,金平,赵路c座,白彬,15668294945,xiulan22@example.com,5,20.39,50.09,2025-03-07 03:37:37,"{'timestamp': '2025-03-05T06:54:47.652526', 'device_model': 'OPPO Find X6', 'os_version': 'Android 10', 'browser': 'Firefox', 'browser_version': '107.0.2579.91', 'ip_address': '175.81.55.236', 'user_agent': 'Firefox/107.0.2579.91'}"
4436d9b9-7ef9-4b9d-aac1-5c50ecb28dbc,320b8cb0-92c3-4afd-abe3-d68fe352a36f,2025-02-10 01:55:27,2523.7,235.92,Credit Card,cancelled,黑龙江省,兴城县,新城,赖街S座,曹晨,14596352290,jingyi@example.net,1,2.56,46.13,2025-03-11 19:12:48,"{'timestamp': '2025-03-05T06:54:47.652614', 'device_model': 'iPhone 15 Pro', 'os_version': 'iOS 14', 'browser': 'Firefox', 'browser_version': '115.0.8375.41', 'ip_address': '26.46.114.167', 'user_agent': 'Firefox/115.0.8375.41'}"
11298c15-edfc-4b44-b5b3-05ec8232a43b,76d27d8e-4bb0-41e6-933a-cb799fc256d5,2025-03-02 12:19:42,8372.25,217.33,Alipay,pending,新疆维吾尔自治区,澳门市,锡山,潜江路k座,赵凤兰,15244274611,panna@example.org,6,14.26,58.48,2025-03-08 08:53:49,"{'timestamp': '2025-03-05T06:54:47.652719', 'device_model': 'Huawei P60', 'os_version': 'Android 10', 'browser': 'Chrome', 'browser_version': '91.0.2373.38', 'ip_address': '13.173.1.83', 'user_agent': 'Chrome/91.0.2373.38'}"
b00ec813-bcb9-4b0d-a3c3-84930edce34d,3008426c-32fa-4622-8397-56c6fe2c2f0f,2025-03-01 17:56:05,5415.93,165.63,Credit Card,completed,新疆维吾尔自治区,拉萨县,高港,柳州路Q座,李兵,13509580127,yaoping@example.com,5,10.83,39.77,2025-03-11 03:46:28,"{'timestamp': '2025-03-05T06:54:47.652811', 'device_model': 'iPhone 14 Pro', 'os_version': 'iOS 14', 'browser': 'Firefox', 'browser_version': '100.0.8771.22', 'ip_address': '146.83.76.52', 'user_agent': 'Firefox/100.0.8771.22'}"
70025cb1-a0fd-4f80-a67e-53dd3c7f5a8a,d0bbe6da-da57-458c-9acd-4db77f1cf878,2025-02-17 18:00:13,8258.43,479.15,WeChat Pay,paid,甘肃省,嘉禾县,牧野,滕路H座,江宇,13232248546,jie47@example.org,1,40.84,35.89,2025-03-06 23:16:33,"{'timestamp': '2025-03-05T06:54:47.652900', 'device_model': 'Samsung S23 Ultra', 'os_version': 'Android 14', 'browser': 'Firefox', 'browser_version': '108.0.9720.43', 'ip_address': '218.188.194.113', 'user_agent': 'Firefox/108.0.9720.43'}"
eacede4d-ae44-4ba1-b3b7-b3d46984787e,26fe054f-ce38-4bef-9e18-d72609e08553,2025-02-12 18:14:49,7189.0,496.64,Alipay,refunded,福建省,成都市,房山,王路K座,张婷婷,18633948850,duxiulan@example.net,6,26.84,30.22,2025-03-08 08:14:25,"{'timestamp': '2025-03-05T06:54:47.652989', 'device_model': 'Huawei P60', 'os_version': 'Android 10', 'browser': 'Chrome', 'browser_version': '119.0.4540.39', 'ip_address': '187.205.149.55', 'user_agent': 'Chrome/119.0.4540.39'}"
bc80b113-840d-4be4-b19e-f0c9ae6e90a3,a749e3e0-805e-448c-ba1b-d457d75ce0d9,2025-02-23 17:58:29,5593.58,34.37,Credit Card,pending,西藏自治区,深圳县,房山,胡路I座,祁秀华,15788024485,luli@example.net,2,21.53,24.62,2025-03-08 14:26:09,"{'timestamp': '2025-03-05T06:54:47.653090', 'device_model': 'OPPO Find X6', 'os_version': 'Android 14', 'browser': 'Firefox', 'browser_version': '105.0.6801.45', 'ip_address': '13.175.26.39', 'user_agent': 'Firefox/105.0.6801.45'}"
2f32ae8e-03eb-4998-8697-b156dd35dba7,765f3726-ab98-469f-a132-0ae409b32f11,2025-02-15 20:09:09,526.11,161.94,WeChat Pay,cancelled,新疆维吾尔自治区,嘉禾县,南溪,田街R座,吕明,15093467606,rtang@example.net,3,31.17,86.32,2025-03-08 11:54:02,"{'timestamp': '2025-03-05T06:54:47.653189', 'device_model': 'Samsung S23', 'os_version': 'Android 11', 'browser': 'Chrome', 'browser_version': '102.0.5270.21', 'ip_address': '95.117.72.249', 'user_agent': 'Chrome/102.0.5270.21'}"
a828e781-d8ea-43aa-8d84-a7a6fcc37640,db385a02-4ece-48a5-899a-4fa89d085383,2025-02-08 22:34:29,2644.36,381.88,WeChat Pay,pending,西藏自治区,张家港市,六枝特,兰州路Z座,刘红梅,18220635415,qiumin@example.com,5,37.75,48.03,2025-03-07 00:00:23,"{'timestamp': '2025-03-05T06:54:47.653280', 'device_model': 'Samsung S23', 'os_version': 'Android 11', 'browser': 'Safari', 'browser_version': '118.0.2223.50', 'ip_address': '176.140.64.60', 'user_agent': 'Safari/118.0.2223.50'}"
e2470f69-517d-4d26-9637-2906a9cd31e4,567e428d-1c95-46a6-a6a8-d301ad068667,2025-02-06 23:13:31,4053.7,17.92,Debit Card,refunded,河北省,天津县,浔阳,杭州路p座,孙玉兰,13014070933,gangliang@example.com,6,10.38,74.93,2025-03-09 20:09:35,"{'timestamp': '2025-03-05T06:54:47.653369', 'device_model': 'Xiaomi 14', 'os_version': 'Android 11', 'browser': 'Chrome', 'browser_version': '115.0.6640.96', 'ip_address': '188.3.168.142', 'user_agent': 'Chrome/115.0.6640.96'}"
f9a057a2-d6e5-4622-95a5-20d2046f69ca,f3084c01-f45f-4a68-8147-45fec0651737,2025-02-28 05:59:19,1338.48,455.48,Credit Card,completed,湖北省,拉萨市,东城,任路D座,李婷,15933201366,jing23@example.org,4,34.46,45.42,2025-03-11 01:48:58,"{'timestamp': '2025-03-05T06:54:47.653466', 'device_model': 'vivo X100', 'os_version': 'Android 10', 'browser': 'Safari', 'browser_version': '107.0.8749.59', 'ip_address': '87.22.60.228', 'user_agent': 'Safari/107.0.8749.59'}"
6d0872ec-8fe2-41e7-944c-e9ff3b5ef23b,b0da5e6a-ce41-4652-9359-bc358d2e6bc7,2025-02-17 17:19:17,351.13,23.37,Debit Card,cancelled,上海市,芳县,南溪,长沙街x座,朱丽娟,15173786759,yang29@example.com,10,44.55,20.96,2025-03-09 04:13:23,"{'timestamp': '2025-03-05T06:54:47.653551', 'device_model': 'OPPO Find X6', 'os_version': 'Android 12', 'browser': 'Chrome', 'browser_version': '89.0.9766.75', 'ip_address': '84.51.139.157', 'user_agent': 'Chrome/89.0.9766.75'}"
a1f9a6a9-3eda-410f-a78f-1dff8d4a0a87,2dffa454-6fda-4019-882d-31f12a40839d,2025-02-03 08:37:50,7894.67,50.84,Debit Card,paid,河北省,颖县,浔阳,熊路H座,唐明,13827620203,twei@example.org,3,1.84,58.81,2025-03-06 07:00:01,"{'timestamp': '2025-03-05T06:54:47.653639', 'device_model': 'iPhone 14 Pro', 'os_version': 'iOS 16', 'browser': 'Firefox', 'browser_version': '82.0.9072.17', 'ip_address': '92.231.7.74', 'user_agent': 'Firefox/82.0.9072.17'}"
21aaa7cb-f809-40eb-b25e-889df6be6034,6ee8c3ee-fc69-458e-8e9c-300760213bbe,2025-02-09 03:07:15,9288.1,116.6,Credit Card,cancelled,湖北省,岩县,高港,王路R座,段军,15377844815,maogang@example.net,5,7.86,92.43,2025-03-09 18:12:14,"{'timestamp': '2025-03-05T06:54:47.653728', 'device_model': 'OPPO Find X6', 'os_version': 'Android 12', 'browser': 'Chrome', 'browser_version': '111.0.5306.63', 'ip_address': '125.13.111.47', 'user_agent': 'Chrome/111.0.5306.63'}"
73ad613b-708c-4ee1-9e76-2ccae40dc0b3,ab981e92-ec4e-4f23-80b0-a2e706e0de60,2025-03-01 07:41:21,9186.21,399.85,WeChat Pay,cancelled,安徽省,成都县,高港,侯街m座,王建国,18919121041,efu@example.net,10,10.52,23.02,2025-03-11 07:13:33,"{'timestamp': '2025-03-05T06:54:47.653807', 'device_model': 'iPhone 15 Pro', 'os_version': 'iOS 14', 'browser': 'Chrome', 'browser_version': '85.0.1925.31', 'ip_address': '126.133.230.56', 'user_agent': 'Chrome/85.0.1925.31'}"
b9cf6cd9-339a-45ea-b4de-ec9a2a544e3e,f375d004-e7f8-4e85-acff-d83d97c9fdc2,2025-03-03 14:35:44,5980.05,471.06,Alipay,paid,新疆维吾尔自治区,秀华县,高坪,潘街a座,管文,13362306085,qiaomin@example.net,1,7.58,47.62,2025-03-05 18:56:20,"{'timestamp': '2025-03-05T06:54:47.653886', 'device_model': 'Huawei P60', 'os_version': 'Android 10', 'browser': 'Safari', 'browser_version': '84.0.4955.44', 'ip_address': '112.14.237.45', 'user_agent': 'Safari/84.0.4955.44'}"
